DATE,AUD,CAD,EUR,JPY,CHF,USD
02/01/2013,1.5512,1.6019,1.2299,141.9639,1.488,1.6284
03/01/2013,1.5355,1.5919,1.2341,140.3496,1.4922,1.616
04/01/2013,1.5341,1.5808,1.2294,141.2058,1.4857,1.6037
07/01/2013,1.5345,1.5856,1.2279,141.0962,1.4843,1.6083
08/01/2013,1.5295,1.583,1.2274,139.7464,1.4836,1.6037
09/01/2013,1.5233,1.5806,1.2273,140.6303,1.4841,1.6008
10/01/2013,1.5239,1.5892,1.2189,142.0403,1.4763,1.6108
11/01/2013,1.5284,1.5862,1.2083,143.6254,1.4711,1.6125
14/01/2013,1.522,1.5838,1.2021,143.4069,1.4734,1.6068
15/01/2013,1.5251,1.5828,1.2053,142.6379,1.4927,1.609
16/01/2013,1.5155,1.5768,1.203,141.5398,1.4883,1.5995
17/01/2013,1.5165,1.5736,1.1956,142.7948,1.4897,1.5969
18/01/2013,1.5111,1.5764,1.1934,142.6628,1.4837,1.5862
21/01/2013,1.5071,1.5737,1.1892,142.1893,1.476,1.5834
22/01/2013,1.5031,1.5764,1.1943,140.4864,1.4748,1.5867
23/01/2013,1.5016,1.582,1.1927,140.2809,1.4711,1.5842
24/01/2013,1.5069,1.5834,1.1802,142.0312,1.4683,1.5783
25/01/2013,1.5142,1.5945,1.173,143.8121,1.459,1.5807
28/01/2013,1.5093,1.5854,1.1669,142.355,1.4564,1.5709
29/01/2013,1.5062,1.5813,1.1683,142.7623,1.452,1.5747
30/01/2013,1.5143,1.5837,1.1638,143.8244,1.4406,1.5791
31/01/2013,1.5201,1.5837,1.1681,144.686,1.4435,1.5856
01/02/2013,1.5138,1.5731,1.1497,145.8302,1.4216,1.5745
04/02/2013,1.5105,1.5724,1.1608,145.8755,1.43,1.5738
05/02/2013,1.5093,1.5642,1.1583,146.3421,1.4247,1.567
06/02/2013,1.5168,1.5602,1.1562,146.4088,1.4253,1.5652
07/02/2013,1.5225,1.567,1.1727,146.3677,1.4412,1.5703
08/02/2013,1.5338,1.587,1.1835,146.8723,1.4527,1.5837
11/02/2013,1.5244,1.5769,1.1706,146.3614,1.44,1.5662
12/02/2013,1.5191,1.5701,1.163,145.7476,1.4341,1.566
13/02/2013,1.5032,1.5584,1.1569,145.2991,1.4291,1.5545
14/02/2013,1.4989,1.5543,1.1638,144.4943,1.4317,1.5527
15/02/2013,1.5064,1.5612,1.1628,145.64,1.4344,1.5525
18/02/2013,1.5017,1.5632,1.1596,145.4656,1.4294,1.548
19/02/2013,1.4921,1.5627,1.1562,144.4229,1.4269,1.5443
20/02/2013,1.487,1.5528,1.1446,143.3738,1.4135,1.5303
21/02/2013,1.4882,1.5545,1.154,141.707,1.4178,1.5257
22/02/2013,1.4814,1.5632,1.1599,142.319,1.4221,1.5267
25/02/2013,1.4697,1.5502,1.1435,141.7224,1.4054,1.5109
26/02/2013,1.4813,1.556,1.1571,138.6995,1.4092,1.5127
27/02/2013,1.4828,1.5539,1.1545,138.6517,1.4074,1.5135
28/02/2013,1.4826,1.5601,1.1609,140.0566,1.4165,1.5179
01/03/2013,1.4703,1.5429,1.156,140.2741,1.4188,1.5009
04/03/2013,1.4831,1.5513,1.1583,140.573,1.419,1.507
05/03/2013,1.4776,1.5554,1.1607,141.1359,1.4247,1.5119
06/03/2013,1.4671,1.5519,1.158,140.8001,1.4249,1.5054
07/03/2013,1.4652,1.55,1.1503,142.4538,1.4214,1.5049
08/03/2013,1.4593,1.5324,1.1496,143.539,1.4221,1.4924
11/03/2013,1.4513,1.5297,1.1446,143.1952,1.4145,1.4896
12/03/2013,1.4428,1.5265,1.1432,142.8811,1.4098,1.4885
13/03/2013,1.4501,1.5333,1.1524,143.345,1.4206,1.4924
14/03/2013,1.4494,1.5444,1.1596,144.6702,1.4294,1.5051
15/03/2013,1.4542,1.5422,1.1583,143.9243,1.4208,1.5134
18/03/2013,1.4536,1.5438,1.1659,143.3844,1.4276,1.5109
19/03/2013,1.459,1.5531,1.173,143.3942,1.4303,1.5118
20/03/2013,1.4565,1.5539,1.1685,144.5409,1.4283,1.5132
21/03/2013,1.4541,1.5543,1.1744,144.2916,1.4352,1.5179
22/03/2013,1.4587,1.5582,1.1726,143.9933,1.4329,1.5239
25/03/2013,1.4526,1.5514,1.1786,143.2364,1.4383,1.5183
26/03/2013,1.4455,1.5408,1.1786,142.7904,1.4375,1.5155
27/03/2013,1.4481,1.5368,1.1822,142.6176,1.4408,1.5111
28/03/2013,1.4561,1.5425,1.1823,142.7318,1.4379,1.5181
02/04/2013,1.4461,1.5359,1.1783,141.4014,1.4349,1.5128
03/04/2013,1.4432,1.5333,1.1781,140.568,1.4308,1.5136
04/04/2013,1.4585,1.5404,1.1809,146.28,1.4362,1.5179
05/04/2013,1.4792,1.5662,1.179,149.1697,1.4326,1.5353
08/04/2013,1.4706,1.558,1.174,151.1237,1.4287,1.5282
09/04/2013,1.4591,1.5541,1.1713,151.4304,1.4285,1.5296
10/04/2013,1.4542,1.5551,1.1712,152.509,1.4278,1.5326
11/04/2013,1.4575,1.5565,1.1727,153.2473,1.4306,1.5394
12/04/2013,1.4632,1.5574,1.1733,151.7184,1.4277,1.5367
15/04/2013,1.473,1.564,1.1702,149.9964,1.4237,1.5312
16/04/2013,1.4772,1.5653,1.1645,149.4542,1.4167,1.5291
17/04/2013,1.478,1.5665,1.1681,148.6936,1.4188,1.5235
18/04/2013,1.4828,1.5672,1.1689,150.1882,1.4219,1.5291
19/04/2013,1.4808,1.5656,1.1664,151.4357,1.4199,1.5258
22/04/2013,1.4874,1.5656,1.17,151.3775,1.4272,1.5246
23/04/2013,1.49,1.5683,1.1744,151.8465,1.4394,1.5284
24/04/2013,1.4883,1.5685,1.1748,151.7334,1.4468,1.5268
25/04/2013,1.4971,1.5746,1.1872,153.6126,1.4629,1.544
26/04/2013,1.506,1.5758,1.1891,151.3259,1.4587,1.5492
29/04/2013,1.4974,1.5711,1.1827,152.0891,1.4515,1.5494
30/04/2013,1.4988,1.5653,1.1803,151.6089,1.4461,1.5564
01/05/2013,1.5115,1.568,1.1788,151.3987,1.4429,1.5552
02/05/2013,1.5137,1.5643,1.1868,152.0543,1.4486,1.5511
03/05/2013,1.5104,1.5699,1.187,154.0454,1.4548,1.5568
07/05/2013,1.5215,1.5543,1.1821,153.2669,1.4556,1.5469
08/05/2013,1.5269,1.561,1.1816,153.8133,1.4563,1.5565
09/05/2013,1.5212,1.5532,1.1833,153.8908,1.4579,1.5496
10/05/2013,1.5353,1.5536,1.1837,156.3139,1.4698,1.5355
13/05/2013,1.539,1.5507,1.1818,156.1252,1.469,1.5344
14/05/2013,1.5383,1.5501,1.1755,155.6824,1.4607,1.5257
15/05/2013,1.5405,1.5494,1.1838,155.9649,1.473,1.5225
16/05/2013,1.5532,1.555,1.1852,156.0804,1.4688,1.5308
17/05/2013,1.5603,1.5609,1.1848,156.4369,1.4775,1.5191
20/05/2013,1.5542,1.5647,1.184,155.9646,1.4736,1.5222
21/05/2013,1.5491,1.5595,1.1762,155.2558,1.4702,1.5141
22/05/2013,1.5546,1.5546,1.1683,155.7158,1.4734,1.5045
23/05/2013,1.5521,1.558,1.1676,152.8043,1.4604,1.5065
24/05/2013,1.5644,1.5631,1.171,153.1865,1.4547,1.514
28/05/2013,1.5621,1.5617,1.1695,153.8832,1.4676,1.5035
29/05/2013,1.5699,1.5715,1.1657,152.5255,1.4527,1.5115
30/05/2013,1.5701,1.5671,1.1655,153.5751,1.4513,1.5216
31/05/2013,1.5808,1.567,1.1698,153.0655,1.4547,1.5161
03/06/2013,1.5749,1.5823,1.1739,152.2923,1.459,1.5295
04/06/2013,1.5858,1.5821,1.17,153.1441,1.4512,1.5293
05/06/2013,1.6156,1.596,1.1762,152.8272,1.4524,1.5392
06/06/2013,1.6289,1.6017,1.1765,152.6842,1.4512,1.5523
07/06/2013,1.6382,1.5861,1.1753,151.2935,1.453,1.5538
10/06/2013,1.6442,1.5816,1.1767,153.9092,1.4582,1.5526
11/06/2013,1.6591,1.5892,1.175,151.0569,1.4465,1.5597
12/06/2013,1.6502,1.5974,1.1762,150.0932,1.4437,1.5687
13/06/2013,1.6349,1.594,1.1789,147.737,1.4482,1.568
14/06/2013,1.6288,1.5945,1.1752,148.2887,1.4435,1.5677
17/06/2013,1.6414,1.5979,1.1772,148.9121,1.4535,1.5713
18/06/2013,1.6488,1.594,1.1655,149.1969,1.4369,1.5608
19/06/2013,1.6419,1.5958,1.1682,148.77,1.4396,1.566
20/06/2013,1.6841,1.6019,1.1737,151.6807,1.4407,1.5465
21/06/2013,1.6714,1.6112,1.1715,150.012,1.4383,1.5389
24/06/2013,1.6612,1.6211,1.1761,150.2326,1.439,1.5399
25/06/2013,1.6664,1.6194,1.1782,150.5741,1.4477,1.5404
26/06/2013,1.6465,1.6063,1.1797,149.4479,1.4455,1.5339
27/06/2013,1.6386,1.5953,1.1694,149.7997,1.4427,1.5205
28/06/2013,1.6572,1.6001,1.1668,150.669,1.4349,1.5167
01/07/2013,1.6517,1.5991,1.1679,151.8389,1.4417,1.5225
02/07/2013,1.6555,1.6002,1.1639,152.2968,1.4377,1.5169
03/07/2013,1.6822,1.6073,1.1763,152.1375,1.4471,1.5258
04/07/2013,1.6419,1.584,1.1667,150.6751,1.4408,1.5066
05/07/2013,1.6416,1.576,1.1596,150.1844,1.4311,1.4883
08/07/2013,1.6367,1.5775,1.1611,151.0082,1.4408,1.4938
09/07/2013,1.6205,1.5623,1.1599,149.8969,1.4435,1.4831
10/07/2013,1.6288,1.5711,1.1624,149.5646,1.4459,1.4946
11/07/2013,1.6526,1.5721,1.1591,149.2455,1.4374,1.5115
12/07/2013,1.6687,1.5708,1.1582,150.3032,1.433,1.5118
15/07/2013,1.6614,1.5722,1.1577,150.8588,1.4356,1.5104
16/07/2013,1.6383,1.5724,1.1513,150.1761,1.4243,1.5125
17/07/2013,1.6461,1.5821,1.1588,151.3407,1.4322,1.5172
18/07/2013,1.6597,1.5801,1.1612,152.9525,1.4385,1.5201
19/07/2013,1.6587,1.5829,1.1615,153.2104,1.4357,1.526
22/07/2013,1.662,1.5891,1.1648,152.8393,1.4374,1.537
23/07/2013,1.6615,1.5816,1.1626,153.3012,1.4388,1.5367
24/07/2013,1.6682,1.5799,1.1602,153.8311,1.4357,1.5357
25/07/2013,1.6661,1.5742,1.1571,152.5481,1.4299,1.5313
26/07/2013,1.6644,1.5824,1.1587,150.8314,1.4281,1.5369
29/07/2013,1.6674,1.575,1.1581,150.3644,1.4294,1.5348
30/07/2013,1.6833,1.5705,1.1515,149.6298,1.4203,1.5259
31/07/2013,1.6896,1.559,1.142,149.1531,1.4092,1.5164
01/08/2013,1.6983,1.5661,1.1456,150.4426,1.4157,1.5161
02/08/2013,1.7141,1.5836,1.1498,150.846,1.4174,1.5274
05/08/2013,1.7213,1.5942,1.1579,151.1385,1.428,1.533
06/08/2013,1.7134,1.5962,1.156,150.1884,1.4228,1.5385
07/08/2013,1.7263,1.6179,1.1651,149.8884,1.4325,1.5518
08/08/2013,1.7058,1.6123,1.1621,149.1569,1.4301,1.5555
09/08/2013,1.6875,1.5998,1.1631,149.4881,1.4311,1.5528
12/08/2013,1.6871,1.595,1.1645,149.5,1.4354,1.5481
13/08/2013,1.7007,1.5991,1.1681,151.8116,1.4444,1.5461
14/08/2013,1.6984,1.6039,1.1714,152.3558,1.4513,1.5537
15/08/2013,1.7126,1.6097,1.174,152.1941,1.4541,1.5557
16/08/2013,1.6969,1.6159,1.1711,152.336,1.4456,1.5613
19/08/2013,1.7128,1.6184,1.1737,153.519,1.4495,1.567
20/08/2013,1.7267,1.6287,1.1679,152.2998,1.439,1.568
21/08/2013,1.7392,1.6388,1.1728,153.2247,1.4439,1.5688
22/08/2013,1.7259,1.637,1.1669,153.5654,1.4399,1.5573
23/08/2013,1.7268,1.6412,1.1635,153.5755,1.4336,1.5593
27/08/2013,1.7334,1.6325,1.1602,151.0333,1.4264,1.554
28/08/2013,1.7373,1.6293,1.1649,151.7752,1.4315,1.5538
29/08/2013,1.7361,1.6291,1.1716,152.5328,1.4437,1.5495
30/08/2013,1.7368,1.6317,1.1734,151.8169,1.4427,1.5471
02/09/2013,1.7331,1.641,1.18,154.6538,1.4541,1.5565
03/09/2013,1.714,1.6371,1.1803,154.9994,1.4567,1.5531
04/09/2013,1.703,1.639,1.1844,155.581,1.4634,1.563
05/09/2013,1.7081,1.6387,1.1883,155.9624,1.4728,1.559
06/09/2013,1.6998,1.623,1.188,154.612,1.467,1.563
09/09/2013,1.7055,1.6304,1.1861,156.5497,1.4655,1.5721
10/09/2013,1.69,1.628,1.1851,157.876,1.4697,1.572
11/09/2013,1.6975,1.6337,1.1888,158.1084,1.4721,1.5814
12/09/2013,1.7065,1.6328,1.1892,156.8515,1.4693,1.5826
13/09/2013,1.7164,1.6398,1.1965,157.6029,1.4804,1.5865
16/09/2013,1.7057,1.6431,1.1934,157.4059,1.4746,1.5935
17/09/2013,1.6997,1.6365,1.1913,157.9705,1.4755,1.5902
18/09/2013,1.7077,1.6477,1.1964,157.9813,1.4779,1.5969
19/09/2013,1.6975,1.6423,1.1862,159.7947,1.4622,1.6063
20/09/2013,1.7047,1.6464,1.1843,159.376,1.4584,1.6
23/09/2013,1.6976,1.6508,1.1883,158.2198,1.4607,1.6032
24/09/2013,1.7013,1.6464,1.1847,157.7141,1.4561,1.5984
25/09/2013,1.7152,1.6547,1.1897,158.5948,1.464,1.607
26/09/2013,1.7098,1.6535,1.1872,158.3756,1.458,1.6004
27/09/2013,1.7303,1.6609,1.1906,158.3888,1.4581,1.6121
30/09/2013,1.7318,1.6646,1.1964,158.8955,1.4643,1.6194
01/10/2013,1.7268,1.6732,1.1981,158.9612,1.4684,1.6204
02/10/2013,1.7324,1.6781,1.1942,157.8595,1.463,1.6229
03/10/2013,1.723,1.6678,1.1869,157.3341,1.4553,1.617
04/10/2013,1.7017,1.6563,1.1822,156.117,1.4517,1.6073
07/10/2013,1.7061,1.6564,1.1849,156.0403,1.4549,1.608
08/10/2013,1.7032,1.6632,1.1846,156.1574,1.4548,1.6107
09/10/2013,1.6871,1.6565,1.1787,154.8334,1.4496,1.5931
10/10/2013,1.687,1.6567,1.1799,156.4768,1.4534,1.5954
11/10/2013,1.6851,1.6563,1.1757,156.7492,1.4511,1.5946
14/10/2013,1.6896,1.6572,1.1789,157.149,1.453,1.6016
15/10/2013,1.6759,1.6557,1.1826,157.4285,1.4609,1.5968
16/10/2013,1.6716,1.6486,1.1808,157.4999,1.4592,1.593
17/10/2013,1.6763,1.661,1.1819,157.879,1.4582,1.6148
18/10/2013,1.6751,1.6648,1.182,158.2539,1.4597,1.6188
21/10/2013,1.6707,1.6634,1.1816,158.5844,1.4572,1.6159
22/10/2013,1.6694,1.6675,1.1772,159.1144,1.4515,1.6213
23/10/2013,1.6793,1.6797,1.173,157.2985,1.4417,1.6168
24/10/2013,1.6855,1.6865,1.1713,157.4181,1.4418,1.6167
25/10/2013,1.6865,1.6886,1.172,157.3696,1.4453,1.6167
28/10/2013,1.6858,1.6849,1.1702,157.616,1.4445,1.6131
29/10/2013,1.6908,1.6774,1.1662,157.5129,1.4423,1.6058
30/10/2013,1.6943,1.6809,1.1675,157.7958,1.4411,1.6077
31/10/2013,1.6964,1.6758,1.1819,157.6333,1.4552,1.6067
01/11/2013,1.6872,1.6627,1.1805,157.2616,1.4529,1.5922
04/11/2013,1.6795,1.6604,1.1807,157.2708,1.4531,1.5952
05/11/2013,1.6896,1.6761,1.1906,158.0976,1.4632,1.6044
06/11/2013,1.6884,1.6747,1.1887,158.6292,1.4649,1.608
07/11/2013,1.6979,1.6764,1.1991,158.9295,1.4742,1.6047
08/11/2013,1.7065,1.6779,1.1981,158.4785,1.4752,1.5995
11/11/2013,1.706,1.6727,1.1913,158.5161,1.4684,1.5973
12/11/2013,1.7095,1.6712,1.1853,158.5533,1.4596,1.5927
13/11/2013,1.7195,1.6755,1.1929,158.9367,1.4696,1.5988
14/11/2013,1.7259,1.6903,1.1956,160.8234,1.4734,1.6092
15/11/2013,1.7189,1.6832,1.1944,161.3867,1.4739,1.6092
18/11/2013,1.7147,1.6801,1.1913,161.1783,1.4695,1.6113
19/11/2013,1.7098,1.6824,1.1905,161.3521,1.4684,1.6103
20/11/2013,1.7209,1.6894,1.2011,161.6006,1.4792,1.6173
21/11/2013,1.7453,1.6976,1.1995,163.1695,1.4781,1.6149
22/11/2013,1.7666,1.7044,1.1971,163.8832,1.4724,1.6186
25/11/2013,1.7645,1.7059,1.1961,164.2862,1.4732,1.6154
26/11/2013,1.7731,1.7056,1.1932,164.0753,1.4691,1.6181
27/11/2013,1.7914,1.7232,1.1992,166.2044,1.4784,1.6277
28/11/2013,1.7978,1.7305,1.202,167.099,1.4815,1.6347
29/11/2013,1.793,1.7345,1.2032,167.6964,1.4805,1.6383
02/12/2013,1.7963,1.7412,1.2074,168.5413,1.4851,1.6368
03/12/2013,1.7968,1.7489,1.2079,168.1614,1.4851,1.6414
04/12/2013,1.8128,1.7473,1.2057,167.7875,1.4803,1.6344
05/12/2013,1.8062,1.7377,1.1951,166.5721,1.466,1.6321
06/12/2013,1.7973,1.7388,1.1951,167.9556,1.4632,1.6354
09/12/2013,1.8026,1.746,1.1944,168.9664,1.4614,1.6387
10/12/2013,1.7971,1.7447,1.193,169.001,1.4577,1.6427
11/12/2013,1.8061,1.7372,1.1869,167.7168,1.4498,1.6369
12/12/2013,1.8275,1.7363,1.187,168.1638,1.4523,1.6325
13/12/2013,1.8175,1.7272,1.1854,167.8707,1.4499,1.6276
16/12/2013,1.8189,1.7241,1.185,167.896,1.4467,1.6299
17/12/2013,1.827,1.7221,1.1829,166.8216,1.4428,1.6242
18/12/2013,1.8455,1.7479,1.1911,169.1818,1.454,1.6392
19/12/2013,1.8485,1.7488,1.1972,170.5724,1.4676,1.6365
20/12/2013,1.8349,1.7468,1.1965,170.2496,1.4653,1.6356
23/12/2013,1.8296,1.733,1.1934,170.1128,1.4608,1.6357
24/12/2013,1.8333,1.7365,1.1959,170.6184,1.4644,1.636
27/12/2013,1.8549,1.7639,1.1973,173.1375,1.4647,1.6494
30/12/2013,1.8542,1.7619,1.1964,173.5621,1.4648,1.6525
31/12/2013,1.8484,1.7576,1.2004,173.4779,1.4728,1.6528
02/01/2014,1.8409,1.7487,1.2036,172.6378,1.4808,1.6437
03/01/2014,1.8308,1.7467,1.208,171.7905,1.4869,1.6444
06/01/2014,1.8312,1.7515,1.2029,171.5442,1.4831,1.6411
07/01/2014,1.8392,1.7621,1.2052,171.6215,1.4911,1.6398
08/01/2014,1.8443,1.7784,1.211,172.655,1.4971,1.647
09/01/2014,1.8527,1.7879,1.2119,172.5158,1.4968,1.6463
10/01/2014,1.8382,1.8005,1.2057,171.6913,1.4876,1.6485
13/01/2014,1.8093,1.7798,1.2,169.3347,1.4787,1.6383
14/01/2014,1.8295,1.7999,1.2026,170.5256,1.4827,1.646
15/01/2014,1.8321,1.7887,1.2025,170.8084,1.4869,1.635
16/01/2014,1.8559,1.7859,1.2018,170.3803,1.4818,1.6345
17/01/2014,1.8717,1.8004,1.213,171.472,1.4953,1.6445
20/01/2014,1.8658,1.8015,1.2107,170.8605,1.4933,1.6421
21/01/2014,1.8701,1.8076,1.2157,171.7031,1.5005,1.6464
22/01/2014,1.8716,1.8325,1.2225,172.8674,1.5091,1.6582
23/01/2014,1.8935,1.8504,1.2156,172.3969,1.4966,1.6631
24/01/2014,1.8922,1.8271,1.2058,168.9145,1.4758,1.6502
27/01/2014,1.8946,1.8331,1.2122,169.7841,1.4857,1.6574
28/01/2014,1.8905,1.8527,1.2138,170.4772,1.4907,1.6585
29/01/2014,1.8911,1.8458,1.2131,169.234,1.4826,1.6551
30/01/2014,1.8833,1.8446,1.2164,169.4675,1.4893,1.6498
31/01/2014,1.8837,1.8325,1.2189,167.6206,1.4885,1.6435
03/02/2014,1.8536,1.8053,1.2082,165.3615,1.4743,1.6332
04/02/2014,1.8318,1.8059,1.2062,165.2414,1.4736,1.6296
05/02/2014,1.8284,1.8101,1.205,165.0004,1.4729,1.6306
06/02/2014,1.8218,1.806,1.2004,166.2864,1.4681,1.6325
07/02/2014,1.8311,1.8047,1.2038,167.5795,1.4725,1.6394
10/02/2014,1.8338,1.8115,1.2015,167.2924,1.4704,1.6398
11/02/2014,1.8249,1.8205,1.2053,168.7632,1.4747,1.6484
12/02/2014,1.8358,1.8225,1.2206,170.0626,1.4948,1.6585
13/02/2014,1.8519,1.8276,1.2174,169.9534,1.4879,1.6636
14/02/2014,1.8553,1.8368,1.2226,170.4591,1.4946,1.6733
17/02/2014,1.8514,1.8332,1.2197,170.2851,1.4903,1.6711
18/02/2014,1.8488,1.8294,1.2144,170.9207,1.4835,1.6698
19/02/2014,1.8503,1.8447,1.2153,170.8338,1.484,1.6714
20/02/2014,1.8548,1.8439,1.2148,170.428,1.4827,1.6658
21/02/2014,1.8619,1.8567,1.214,171.3152,1.4819,1.6686
24/02/2014,1.8442,1.8414,1.2116,170.3846,1.4798,1.6631
25/02/2014,1.848,1.848,1.2146,170.44,1.4815,1.6682
26/02/2014,1.8568,1.8485,1.2176,170.2041,1.4842,1.6641
27/02/2014,1.8618,1.8583,1.2185,170.1942,1.4827,1.6671
28/02/2014,1.8726,1.8549,1.2134,171.0321,1.476,1.6758
03/03/2014,1.8714,1.8524,1.2137,169.5605,1.4719,1.6717
04/03/2014,1.8635,1.8524,1.2133,170.2813,1.4781,1.6673
05/03/2014,1.8628,1.8507,1.2177,171.1981,1.4836,1.673
06/03/2014,1.8422,1.833,1.2079,172.3291,1.4742,1.6718
07/03/2014,1.842,1.8516,1.2062,172.7717,1.47,1.6722
10/03/2014,1.8438,1.8471,1.1984,171.7025,1.4607,1.6633
11/03/2014,1.8435,1.8435,1.1991,171.5843,1.4606,1.6628
12/03/2014,1.8509,1.8484,1.1943,170.61,1.4524,1.6606
13/03/2014,1.8411,1.8445,1.1975,170.3055,1.4554,1.6677
14/03/2014,1.8395,1.8438,1.1943,168.7178,1.4487,1.6629
17/03/2014,1.8306,1.8397,1.1951,169.153,1.4525,1.6644
18/03/2014,1.8145,1.8377,1.1913,167.9941,1.4491,1.6574
19/03/2014,1.8267,1.8587,1.1955,168.8573,1.4546,1.6628
20/03/2014,1.8261,1.8577,1.1979,169.0624,1.4585,1.651
21/03/2014,1.8143,1.8462,1.1969,168.8491,1.4577,1.6494
24/03/2014,1.8074,1.8499,1.1963,168.567,1.458,1.6489
25/03/2014,1.8045,1.8449,1.1981,168.8894,1.4629,1.6506
26/03/2014,1.7955,1.8457,1.2016,169.4765,1.4668,1.6565
27/03/2014,1.7944,1.8372,1.209,169.6481,1.4727,1.6611
28/03/2014,1.8004,1.8409,1.2097,171.2343,1.4756,1.6636
31/03/2014,1.7988,1.8402,1.2096,171.6986,1.4726,1.6673
01/04/2014,1.7993,1.835,1.206,172.2991,1.4698,1.6636
02/04/2014,1.7999,1.8363,1.2082,172.5382,1.474,1.6635
03/04/2014,1.7966,1.8288,1.2092,172.312,1.4788,1.6586
04/04/2014,1.7846,1.8204,1.2115,171.8392,1.4823,1.659
07/04/2014,1.7917,1.8236,1.2088,171.3092,1.4752,1.6611
08/04/2014,1.7942,1.8308,1.2143,171.024,1.4811,1.6749
09/04/2014,1.7905,1.8285,1.2115,170.5784,1.475,1.6748
10/04/2014,1.7814,1.8307,1.2085,170.2998,1.4715,1.6775
11/04/2014,1.7781,1.8315,1.2041,169.9355,1.4646,1.6721
14/04/2014,1.7777,1.834,1.2113,170.446,1.471,1.6735
15/04/2014,1.7882,1.8368,1.2102,170.0605,1.4711,1.673
16/04/2014,1.7922,1.8495,1.2161,171.7216,1.4801,1.6791
17/04/2014,1.7994,1.8472,1.2149,171.8786,1.4806,1.6808
22/04/2014,1.7964,1.8569,1.2194,172.604,1.49,1.6823
23/04/2014,1.8063,1.8527,1.2134,171.7834,1.4801,1.6779
24/04/2014,1.8127,1.8524,1.2157,171.7632,1.4824,1.68
25/04/2014,1.8113,1.8543,1.2149,171.5226,1.4812,1.6811
28/04/2014,1.8144,1.8533,1.214,172.423,1.48,1.6807
29/04/2014,1.8173,1.8472,1.219,172.725,1.4882,1.6843
30/04/2014,1.8225,1.853,1.2179,172.4803,1.4867,1.6885
01/05/2014,1.8222,1.8544,1.2185,172.7852,1.4859,1.6895
02/05/2014,1.8212,1.8507,1.217,172.5331,1.4837,1.6872
06/05/2014,1.8165,1.8511,1.2196,172.5538,1.4841,1.6992
07/05/2014,1.8177,1.8495,1.2184,172.534,1.4849,1.6965
08/05/2014,1.8089,1.8421,1.2228,172.2425,1.4886,1.6953
09/05/2014,1.8014,1.8365,1.2243,171.2898,1.4923,1.6841
12/05/2014,1.8028,1.8385,1.2266,172.28,1.4981,1.6872
13/05/2014,1.7985,1.836,1.2285,172.1349,1.4981,1.6838
14/05/2014,1.7901,1.8297,1.2238,170.7899,1.493,1.6777
15/05/2014,1.7963,1.827,1.2246,170.5868,1.4946,1.6795
16/05/2014,1.7972,1.8312,1.228,170.747,1.5001,1.6829
19/05/2014,1.7997,1.8267,1.2266,170.2388,1.5005,1.6827
20/05/2014,1.8178,1.8362,1.2301,170.7443,1.5028,1.6847
21/05/2014,1.8312,1.8456,1.2352,171.2948,1.5099,1.6878
22/05/2014,1.8258,1.8385,1.2345,171.4055,1.5077,1.6859
23/05/2014,1.8221,1.8326,1.2355,171.4852,1.5087,1.6842
27/05/2014,1.8171,1.8267,1.2342,171.5082,1.5086,1.6803
28/05/2014,1.8121,1.8148,1.2288,170.0003,1.5004,1.6706
29/05/2014,1.7995,1.8117,1.2279,169.7343,1.4984,1.6716
30/05/2014,1.8021,1.8215,1.2292,170.6419,1.4994,1.6774
02/06/2014,1.8106,1.8257,1.2316,171.2063,1.5039,1.6757
03/06/2014,1.8089,1.8261,1.2289,171.4473,1.5011,1.6738
04/06/2014,1.8073,1.8339,1.2299,171.9631,1.5005,1.6754
05/06/2014,1.804,1.8396,1.2333,172.0508,1.5031,1.6792
06/06/2014,1.7992,1.8355,1.2309,172.1982,1.5005,1.679
09/06/2014,1.7979,1.8316,1.2356,172.2393,1.5073,1.6794
10/06/2014,1.7903,1.8296,1.2374,171.6494,1.5078,1.6761
11/06/2014,1.7879,1.8254,1.2405,171.0865,1.5099,1.6788
12/06/2014,1.7869,1.8277,1.2429,171.4684,1.5133,1.6842
13/06/2014,1.8055,1.8437,1.2537,173.1379,1.527,1.6961
16/06/2014,1.8076,1.8432,1.2515,173.0704,1.5242,1.6986
17/06/2014,1.8174,1.8427,1.2529,173.3723,1.5269,1.6969
18/06/2014,1.8138,1.8419,1.2481,173.0149,1.5201,1.6939
19/06/2014,1.8128,1.8476,1.2511,173.637,1.5208,1.7055
20/06/2014,1.8139,1.8333,1.2535,173.8389,1.526,1.7018
23/06/2014,1.8049,1.8261,1.2513,173.2945,1.5224,1.7008
24/06/2014,1.8093,1.8229,1.2482,173.3418,1.5194,1.6971
25/06/2014,1.8086,1.8214,1.2455,172.8836,1.5149,1.6981
26/06/2014,1.8093,1.8225,1.2515,172.7061,1.5214,1.7007
27/06/2014,1.8068,1.8173,1.2475,172.4912,1.516,1.7016
30/06/2014,1.8113,1.821,1.2488,173.1926,1.516,1.7097
01/07/2014,1.8074,1.8266,1.2528,174.0021,1.5203,1.7138
02/07/2014,1.8193,1.8312,1.2574,174.7117,1.5263,1.7169
03/07/2014,1.8309,1.8252,1.2596,175.1843,1.5314,1.7143
04/07/2014,1.8321,1.8233,1.2619,175.0296,1.5342,1.7148
07/07/2014,1.8275,1.8272,1.2598,174.4589,1.5313,1.7129
08/07/2014,1.8211,1.8265,1.2575,173.8536,1.528,1.712
09/07/2014,1.8222,1.825,1.2565,174.2763,1.5272,1.7138
10/07/2014,1.8232,1.8251,1.2581,173.3173,1.5277,1.7111
11/07/2014,1.823,1.8332,1.2576,173.2433,1.5269,1.7102
14/07/2014,1.8191,1.8331,1.2541,173.573,1.5233,1.7089
15/07/2014,1.8303,1.8441,1.2634,174.3443,1.535,1.7143
16/07/2014,1.8308,1.8443,1.2665,174.2827,1.5394,1.7142
17/07/2014,1.8237,1.8393,1.2645,173.5896,1.5362,1.7094
18/07/2014,1.8193,1.8332,1.2634,173.0423,1.5352,1.7067
21/07/2014,1.8207,1.8345,1.2622,172.9196,1.5331,1.7065
22/07/2014,1.8164,1.8337,1.2666,173.1387,1.5391,1.7058
23/07/2014,1.8048,1.8307,1.2656,173.0002,1.5374,1.7041
24/07/2014,1.8013,1.8242,1.2602,172.7444,1.5314,1.6974
25/07/2014,1.8035,1.8308,1.2638,172.8395,1.5356,1.6975
28/07/2014,1.8074,1.8363,1.2649,173.026,1.5366,1.7
29/07/2014,1.8055,1.8369,1.2636,173.0864,1.5367,1.6946
30/07/2014,1.8127,1.8439,1.2635,173.7628,1.5378,1.6903
31/07/2014,1.816,1.8381,1.2618,173.6079,1.5352,1.6883
01/08/2014,1.8068,1.8353,1.2538,172.5492,1.5243,1.6839
04/08/2014,1.8051,1.8388,1.2549,172.5258,1.5265,1.684
05/08/2014,1.8116,1.8482,1.2619,173.5014,1.5353,1.6871
06/08/2014,1.8051,1.8404,1.2602,172.3194,1.5308,1.6833
07/08/2014,1.8156,1.8389,1.2615,172.1018,1.5317,1.6843
08/08/2014,1.8114,1.8438,1.2523,171.0606,1.5198,1.6797
11/08/2014,1.8124,1.8377,1.2541,171.4427,1.5215,1.679
12/08/2014,1.8124,1.8386,1.2581,171.7405,1.5267,1.6806
13/08/2014,1.7937,1.823,1.2477,170.8965,1.514,1.6694
14/08/2014,1.7911,1.8199,1.2471,170.9481,1.5104,1.6686
15/08/2014,1.7939,1.8205,1.2467,170.7877,1.5088,1.6685
18/08/2014,1.7937,1.8203,1.2514,171.4944,1.5154,1.6723
19/08/2014,1.7842,1.8144,1.2477,170.8663,1.5104,1.6618
20/08/2014,1.7878,1.8221,1.2528,171.9865,1.5169,1.6646
21/08/2014,1.7831,1.8164,1.2494,172.2603,1.513,1.6597
22/08/2014,1.7815,1.8154,1.2524,172.4937,1.5163,1.657
26/08/2014,1.7785,1.8168,1.2555,172.4505,1.5175,1.6577
27/08/2014,1.776,1.8068,1.2561,172.3575,1.5163,1.6584
28/08/2014,1.7727,1.8005,1.2586,172.0383,1.5174,1.6582
29/08/2014,1.7755,1.8018,1.2609,172.5239,1.5211,1.6608
01/09/2014,1.7785,1.8056,1.2647,173.2114,1.5271,1.6615
02/09/2014,1.7795,1.8036,1.258,173.5546,1.518,1.6507
03/09/2014,1.7609,1.7915,1.2523,172.6308,1.5121,1.6452
04/09/2014,1.7497,1.7782,1.2646,172.3758,1.5255,1.6398
05/09/2014,1.7409,1.7767,1.2595,171.191,1.519,1.6321
08/09/2014,1.7349,1.7635,1.2481,170.3208,1.5054,1.6161
09/09/2014,1.7469,1.7721,1.2472,171.094,1.5049,1.6106
10/09/2014,1.7634,1.7706,1.2502,172.2455,1.5138,1.6146
11/09/2014,1.782,1.7879,1.2544,173.4116,1.5177,1.6234
12/09/2014,1.7943,1.7969,1.2544,174.24,1.5176,1.6228
15/09/2014,1.7978,1.7965,1.2547,174.0934,1.5189,1.6234
16/09/2014,1.7964,1.7884,1.2531,173.8245,1.5151,1.6218
17/09/2014,1.804,1.7878,1.2596,175.4667,1.5256,1.6324
18/09/2014,1.824,1.7933,1.2684,178.0665,1.5309,1.6389
19/09/2014,1.8242,1.7849,1.2703,177.7682,1.5333,1.6312
22/09/2014,1.8407,1.7981,1.2734,177.9806,1.5375,1.6327
23/09/2014,1.849,1.8071,1.2718,178.095,1.5351,1.636
24/09/2014,1.8425,1.8126,1.2773,177.8554,1.5427,1.6347
25/09/2014,1.8517,1.8103,1.2807,177.4854,1.5458,1.6325
26/09/2014,1.8512,1.8114,1.2795,177.3845,1.5443,1.6244
29/09/2014,1.8624,1.8124,1.2804,177.6225,1.5446,1.6242
30/09/2014,1.8526,1.8114,1.2833,177.8456,1.5491,1.6212
01/10/2014,1.8609,1.8121,1.2866,177.5687,1.5526,1.6203
02/10/2014,1.8372,1.7978,1.2738,174.8803,1.5386,1.6118
03/10/2014,1.843,1.7989,1.2758,175.1989,1.5434,1.5962
06/10/2014,1.8336,1.7907,1.2735,174.7644,1.5442,1.6007
07/10/2014,1.8248,1.7975,1.2736,174.2058,1.5445,1.6084
08/10/2014,1.8375,1.8002,1.2671,174.0709,1.5369,1.6076
09/10/2014,1.8315,1.7972,1.2714,174.4149,1.5384,1.6163
10/10/2014,1.8381,1.7941,1.2696,172.9797,1.5358,1.603
13/10/2014,1.8342,1.8003,1.2662,172.3719,1.5294,1.6057
14/10/2014,1.8238,1.7881,1.2568,170.4181,1.5175,1.5918
15/10/2014,1.8145,1.8058,1.2495,169.32,1.5084,1.5942
16/10/2014,1.8273,1.8067,1.2534,169.9562,1.5126,1.602
17/10/2014,1.8385,1.8097,1.2608,171.6799,1.5225,1.6096
20/10/2014,1.8364,1.8183,1.2621,172.4243,1.5226,1.6131
21/10/2014,1.8313,1.8108,1.2673,172.1446,1.529,1.6132
22/10/2014,1.8231,1.7992,1.2673,172.0988,1.5287,1.6051
23/10/2014,1.8293,1.8031,1.2676,173.37,1.5296,1.6032
24/10/2014,1.828,1.8055,1.2695,173.9698,1.5314,1.6083
27/10/2014,1.8335,1.8146,1.2692,173.7685,1.5302,1.6133
28/10/2014,1.8262,1.8058,1.2674,174.501,1.5288,1.6156
29/10/2014,1.8139,1.7984,1.2655,174.5868,1.5264,1.6149
30/10/2014,1.8158,1.7943,1.2696,174.6026,1.5307,1.6023
31/10/2014,1.8199,1.8036,1.277,179.3328,1.5397,1.5999
03/11/2014,1.8357,1.8073,1.2799,182.4528,1.5433,1.5978
04/11/2014,1.8345,1.8252,1.2734,181.3546,1.5345,1.6008
05/11/2014,1.8592,1.8192,1.2792,182.9412,1.5404,1.5976
06/11/2014,1.8511,1.815,1.2788,182.4392,1.5402,1.5903
07/11/2014,1.84,1.7985,1.2763,182.1585,1.5359,1.5844
10/11/2014,1.8365,1.7969,1.2754,181.961,1.5338,1.5871
11/11/2014,1.8331,1.8,1.2773,183.8252,1.5367,1.5873
12/11/2014,1.8125,1.7893,1.2687,182.2825,1.5252,1.583
13/11/2014,1.8005,1.7845,1.2613,182.2113,1.5161,1.5735
14/11/2014,1.7924,1.7708,1.2538,182.2759,1.5064,1.5646
17/11/2014,1.7963,1.7705,1.2562,182.2326,1.5092,1.5649
18/11/2014,1.7919,1.7685,1.2485,182.4676,1.4999,1.5645
19/11/2014,1.8158,1.7763,1.2493,184.4006,1.5018,1.5667
20/11/2014,1.8211,1.7748,1.2521,185.5152,1.5042,1.5703
21/11/2014,1.8056,1.7603,1.2631,184.3419,1.5183,1.5678
24/11/2014,1.822,1.7703,1.2622,185.8643,1.5182,1.5698
25/11/2014,1.8417,1.7698,1.2595,185.3466,1.5155,1.5726
26/11/2014,1.8495,1.7742,1.2606,185.6309,1.5158,1.5793
27/11/2014,1.8392,1.7808,1.2598,185.2641,1.5143,1.5723
28/11/2014,1.8343,1.7857,1.2565,185.9041,1.5093,1.5663
01/12/2014,1.8512,1.7893,1.2602,186.0227,1.5154,1.5722
02/12/2014,1.8506,1.7826,1.2621,186.4623,1.52,1.5652
03/12/2014,1.8648,1.785,1.2752,187.9903,1.5344,1.5713
04/12/2014,1.869,1.786,1.2624,187.9761,1.5177,1.57
05/12/2014,1.8713,1.7817,1.2681,189.3025,1.5246,1.5592
08/12/2014,1.8794,1.7896,1.2711,188.8927,1.5279,1.562
09/12/2014,1.8785,1.7924,1.263,186.6915,1.5181,1.5691
10/12/2014,1.8893,1.8001,1.2639,186.4133,1.5206,1.5694
11/12/2014,1.9019,1.81,1.2678,187.4969,1.523,1.5698
12/12/2014,1.9035,1.8124,1.2598,186.1078,1.513,1.57
15/12/2014,1.9018,1.815,1.2571,184.8541,1.5099,1.5614
16/12/2014,1.9144,1.8299,1.2574,184.3439,1.51,1.5729
17/12/2014,1.9154,1.824,1.2621,183.6645,1.5157,1.5643
18/12/2014,1.9162,1.8142,1.2732,185.8101,1.5329,1.5634
19/12/2014,1.9192,1.814,1.2753,186.7803,1.5342,1.5638
22/12/2014,1.9193,1.8192,1.2751,187.4386,1.5335,1.5629
23/12/2014,1.9163,1.8023,1.2748,187.3505,1.5326,1.5522
24/12/2014,1.9161,1.8035,1.274,187.1843,1.5321,1.5543
29/12/2014,1.9059,1.8051,1.275,187.2487,1.5338,1.5529
30/12/2014,1.898,1.8056,1.279,185.7553,1.538,1.556
31/12/2014,1.9018,1.8074,1.2841,186.2503,1.5439,1.5608
02/01/2015,1.8937,1.8024,1.279,184.9638,1.5373,1.5388
05/01/2015,1.8819,1.7966,1.2767,182.2552,1.5338,1.524
06/01/2015,1.8696,1.7885,1.2727,180.0831,1.5287,1.517
07/01/2015,1.8735,1.7872,1.2762,179.9275,1.5327,1.5063
08/01/2015,1.8601,1.7831,1.2789,180.5014,1.5363,1.5082
09/01/2015,1.85,1.7956,1.2801,180.0643,1.5374,1.5148
12/01/2015,1.855,1.8061,1.281,179.6005,1.5384,1.5137
13/01/2015,1.8612,1.8106,1.2881,179.8356,1.547,1.5176
14/01/2015,1.8646,1.8193,1.2907,177.84,1.5502,1.5213
15/01/2015,1.8435,1.8074,1.3091,177.2988,1.3783,1.5168
16/01/2015,1.8428,1.8096,1.315,177.8044,1.2893,1.5113
19/01/2015,1.8443,1.8127,1.3031,178.152,1.3265,1.5158
20/01/2015,1.858,1.8369,1.3129,179.8176,1.3335,1.5195
21/01/2015,1.855,1.8572,1.3046,177.9909,1.3021,1.5116
22/01/2015,1.8604,1.8601,1.3214,177.9092,1.3116,1.5086
23/01/2015,1.8908,1.8635,1.336,177.0664,1.319,1.5026
26/01/2015,1.8992,1.8716,1.3372,178.2339,1.3514,1.5051
27/01/2015,1.9119,1.8842,1.3335,178.6435,1.3726,1.5205
28/01/2015,1.9067,1.889,1.3385,178.7024,1.3735,1.5179
29/01/2015,1.9359,1.8953,1.3299,178.0141,1.3848,1.5077
30/01/2015,1.9276,1.9037,1.3309,176.3864,1.3815,1.5018
02/02/2015,1.9229,1.8925,1.3256,176.3004,1.3891,1.5035
03/02/2015,1.9657,1.8876,1.3201,177.6348,1.3968,1.5114
04/02/2015,1.9635,1.9125,1.3317,178.8219,1.4083,1.5215
05/02/2015,1.958,1.899,1.3376,179.5646,1.4141,1.5286
06/02/2015,1.9558,1.9069,1.346,181.7164,1.4122,1.5269
09/02/2015,1.9486,1.8994,1.3444,180.7007,1.4099,1.524
10/02/2015,1.9614,1.9104,1.3476,182.006,1.4128,1.526
11/02/2015,1.979,1.9318,1.3504,183.7568,1.4142,1.5266
12/02/2015,1.9918,1.9215,1.3509,182.8043,1.4263,1.5363
13/02/2015,1.9798,1.9166,1.3499,182.6687,1.4317,1.5393
16/02/2015,1.978,1.9198,1.3486,182.2258,1.4293,1.5379
17/02/2015,1.9656,1.9058,1.3451,182.4831,1.4331,1.5336
18/02/2015,1.9819,1.9205,1.3597,184.051,1.457,1.5447
19/02/2015,1.9811,1.9322,1.3556,183.7395,1.4633,1.5439
20/02/2015,1.9627,1.9236,1.3523,182.5509,1.4513,1.5374
23/02/2015,1.9794,1.9435,1.3605,183.6886,1.4641,1.5449
24/02/2015,1.9774,1.9452,1.3637,184.2713,1.4675,1.5459
25/02/2015,1.9632,1.927,1.3637,184.0749,1.4703,1.5488
26/02/2015,1.9693,1.9246,1.3742,183.9338,1.4693,1.541
27/02/2015,1.9736,1.9292,1.3775,184.6858,1.4651,1.5451
02/03/2015,1.9735,1.9242,1.3723,184.5437,1.4695,1.5362
03/03/2015,1.9627,1.9149,1.3743,183.8184,1.4756,1.5372
04/03/2015,1.9523,1.9021,1.3794,182.6936,1.4687,1.5269
05/03/2015,1.959,1.9019,1.3812,183.0878,1.4803,1.5237
06/03/2015,1.9481,1.8971,1.3868,182.464,1.4817,1.5061
09/03/2015,1.9567,1.9019,1.3918,182.9333,1.4906,1.5096
10/03/2015,1.9755,1.906,1.4089,182.8453,1.508,1.5085
11/03/2015,1.9714,1.9076,1.4134,181.5967,1.5056,1.4945
12/03/2015,1.9345,1.8919,1.4043,180.7827,1.4957,1.4905
13/03/2015,1.9338,1.8892,1.4022,178.7863,1.4827,1.4755
16/03/2015,1.9336,1.8891,1.3995,179.5388,1.491,1.48
17/03/2015,1.936,1.8828,1.3902,178.8178,1.4805,1.4743
18/03/2015,1.919,1.8757,1.3799,177.5831,1.4617,1.4686
19/03/2015,1.9332,1.8768,1.3866,178.0642,1.4612,1.4727
20/03/2015,1.9232,1.8794,1.3828,179.4818,1.4576,1.4922
23/03/2015,1.9032,1.8694,1.3668,178.8586,1.4443,1.4936
24/03/2015,1.8894,1.8603,1.3633,178.3119,1.4257,1.4868
25/03/2015,1.8985,1.8666,1.3576,178.0553,1.4283,1.4915
26/03/2015,1.8944,1.8509,1.3594,176.6614,1.4267,1.4843
27/03/2015,1.919,1.8715,1.3661,177.2862,1.4264,1.4878
30/03/2015,1.9382,1.8799,1.367,177.6572,1.4325,1.4806
31/03/2015,1.9428,1.8805,1.3821,178.0304,1.4421,1.4847
01/04/2015,1.9451,1.8733,1.3773,177.2734,1.4334,1.4816
02/04/2015,1.957,1.8652,1.363,177.5653,1.4205,1.4828
07/04/2015,1.9433,1.8555,1.3693,178.8918,1.431,1.4868
08/04/2015,1.9384,1.8703,1.383,179.0432,1.4415,1.4924
09/04/2015,1.9141,1.8577,1.3803,177.3451,1.4376,1.4737
10/04/2015,1.9072,1.8435,1.3792,176.105,1.4354,1.4651
13/04/2015,1.9347,1.8447,1.3846,176.2165,1.4327,1.4642
14/04/2015,1.9338,1.8434,1.383,176.2229,1.4332,1.479
15/04/2015,1.9388,1.8326,1.3918,176.1731,1.4367,1.4766
16/04/2015,1.917,1.8227,1.3923,177.7749,1.4318,1.4899
17/04/2015,1.9257,1.8281,1.3884,178.1257,1.4268,1.4961
20/04/2015,1.9305,1.8195,1.3869,177.8763,1.4236,1.4915
21/04/2015,1.9286,1.8326,1.3902,178.4942,1.4254,1.4933
22/04/2015,1.9371,1.8424,1.4022,180.1764,1.4522,1.5036
23/04/2015,1.9377,1.8306,1.3936,180.1362,1.4381,1.5054
24/04/2015,1.9388,1.846,1.3959,180.4635,1.4455,1.5165
27/04/2015,1.9343,1.8401,1.3977,181.2239,1.4496,1.5211
28/04/2015,1.9153,1.8436,1.3954,182.1104,1.4575,1.5324
29/04/2015,1.9176,1.8486,1.3859,183.8099,1.4496,1.5454
30/04/2015,1.9485,1.8615,1.372,183.9089,1.4401,1.5368
01/05/2015,1.9368,1.846,1.3527,182.2909,1.414,1.5177
05/05/2015,1.9137,1.8239,1.3581,182.316,1.406,1.5193
06/05/2015,1.902,1.825,1.343,182.0306,1.3932,1.5248
07/05/2015,1.9204,1.847,1.3498,181.64,1.3984,1.52
08/05/2015,1.9517,1.8715,1.3743,184.7093,1.4305,1.5422
11/05/2015,1.9659,1.8811,1.3959,186.6506,1.4536,1.5562
12/05/2015,1.963,1.8789,1.3926,187.7837,1.4498,1.5663
13/05/2015,1.9421,1.8842,1.3857,187.3324,1.4428,1.5729
14/05/2015,1.9499,1.8854,1.3847,187.8946,1.4423,1.5759
15/05/2015,1.9604,1.8959,1.3804,188.3628,1.4466,1.5789
18/05/2015,1.958,1.9022,1.3799,187.9331,1.4459,1.5682
19/05/2015,1.9604,1.899,1.3934,187.1385,1.4547,1.5507
20/05/2015,1.9744,1.9016,1.4006,188.5387,1.4598,1.5556
21/05/2015,1.9893,1.9141,1.4088,189.8093,1.4667,1.5666
22/05/2015,1.9807,1.9038,1.4057,188.2441,1.461,1.5501
26/05/2015,1.9868,1.9105,1.4116,189.3155,1.4606,1.5384
27/05/2015,1.987,1.9134,1.4092,189.7488,1.4585,1.5332
28/05/2015,2.0018,1.912,1.4006,189.9878,1.4462,1.5292
29/05/2015,1.9931,1.904,1.392,189.328,1.4403,1.5261
01/06/2015,1.9972,1.9074,1.3955,189.3728,1.439,1.5207
02/06/2015,1.9787,1.9072,1.3774,190.2635,1.432,1.5329
03/06/2015,1.9645,1.9084,1.3609,190.3037,1.4336,1.5331
04/06/2015,2.0017,1.9152,1.3618,191.2789,1.4354,1.5365
05/06/2015,1.9983,1.9009,1.3721,191.5032,1.4435,1.5241
08/06/2015,2.0013,1.9015,1.3629,191.4443,1.4306,1.5274
09/06/2015,1.9957,1.8886,1.3622,190.4975,1.4265,1.5317
10/06/2015,2.0037,1.9053,1.3749,190.5793,1.4433,1.5541
11/06/2015,2.0071,1.9063,1.3792,191.6019,1.4505,1.5493
12/06/2015,2.0116,1.9152,1.3815,191.9223,1.4425,1.5568
15/06/2015,2.001,1.9171,1.3811,191.9282,1.4536,1.5542
16/06/2015,2.0153,1.9274,1.3908,192.8997,1.455,1.5627
17/06/2015,2.0493,1.9353,1.3986,195.181,1.4607,1.571
18/06/2015,2.029,1.937,1.3927,195.3045,1.4588,1.5881
19/06/2015,2.0474,1.9507,1.4019,194.992,1.4648,1.5884
22/06/2015,2.0388,1.9423,1.3879,194.9059,1.4511,1.5819
23/06/2015,2.0361,1.9403,1.4063,194.8666,1.4692,1.5729
24/06/2015,2.0442,1.9488,1.4057,195.4468,1.4704,1.572
25/06/2015,2.0315,1.9419,1.4049,194.5059,1.4754,1.5724
26/06/2015,2.0585,1.9479,1.4122,194.9452,1.4705,1.5729
29/06/2015,2.0575,1.9493,1.4119,193.1159,1.4628,1.5744
30/06/2015,2.0467,1.9635,1.4118,192.46,1.4711,1.5729
01/07/2015,2.0393,1.9607,1.4072,192.2077,1.4767,1.5633
02/07/2015,2.0444,1.9603,1.405,192.0507,1.4726,1.5605
03/07/2015,2.0757,1.9617,1.4057,191.489,1.4695,1.5605
06/07/2015,2.072,1.9693,1.4088,191.3585,1.4724,1.5602
07/07/2015,2.0764,1.9685,1.4099,188.4356,1.4654,1.5419
08/07/2015,2.0641,1.9538,1.3874,185.8481,1.4584,1.5353
09/07/2015,2.0718,1.96,1.3931,186.6751,1.4578,1.5387
10/07/2015,2.0897,1.9739,1.388,190.2366,1.4562,1.5508
13/07/2015,2.1021,1.9828,1.4104,191.684,1.4748,1.5526
14/07/2015,2.0905,1.9824,1.4155,192.1805,1.4735,1.557
15/07/2015,2.11,2.0137,1.4248,193.5291,1.4876,1.5616
16/07/2015,2.1005,2.0159,1.4294,193.3876,1.4886,1.5592
17/07/2015,2.1171,2.0287,1.4402,193.8023,1.5005,1.5633
20/07/2015,2.1142,2.0224,1.4352,193.7306,1.5007,1.5592
21/07/2015,2.0921,2.0123,1.4229,192.7074,1.489,1.5561
22/07/2015,2.1183,2.0361,1.435,193.9026,1.5045,1.5631
23/07/2015,2.1061,2.0179,1.4142,192.5783,1.4898,1.5528
24/07/2015,2.1304,2.0257,1.4134,191.7969,1.4866,1.5505
27/07/2015,2.134,2.0289,1.4028,191.7652,1.4925,1.5578
28/07/2015,2.1334,2.0229,1.4114,192.5844,1.5044,1.558
29/07/2015,2.1418,2.0185,1.4189,193.7313,1.5074,1.565
30/07/2015,2.1456,2.0346,1.4289,194.0667,1.5134,1.5609
31/07/2015,2.1241,2.0292,1.4126,193.3427,1.5005,1.5606
03/08/2015,2.1461,2.0494,1.4234,193.5975,1.5111,1.5619
04/08/2015,2.1024,2.0477,1.423,193.306,1.518,1.5598
05/08/2015,2.1247,2.0539,1.4361,195.0906,1.5324,1.5606
06/08/2015,2.1095,2.0416,1.4206,193.3379,1.5221,1.5503
07/08/2015,2.0921,2.0238,1.4144,192.32,1.5206,1.5471
10/08/2015,2.1025,2.0327,1.4157,193.5539,1.5333,1.5544
11/08/2015,2.1339,2.0437,1.4095,194.379,1.5315,1.5569
12/08/2015,2.1218,2.0304,1.3974,193.6766,1.5166,1.5638
13/08/2015,2.1185,2.0392,1.4003,193.9117,1.521,1.5584
14/08/2015,2.1162,2.0395,1.4044,193.995,1.5243,1.5607
17/08/2015,2.1137,2.0453,1.4085,194.0048,1.5259,1.5599
18/08/2015,2.1355,2.0473,1.4186,194.7703,1.5304,1.5653
19/08/2015,2.1365,2.0546,1.4148,194.3863,1.5197,1.5641
20/08/2015,2.1351,2.0525,1.3991,193.626,1.5098,1.5663
21/08/2015,2.1366,2.062,1.3853,191.8792,1.4951,1.567
24/08/2015,2.188,2.0762,1.3598,186.9202,1.4734,1.5738
25/08/2015,2.1877,2.0847,1.3755,188.2384,1.4879,1.5697
26/08/2015,2.1864,2.0668,1.3622,185.1399,1.4697,1.5541
27/08/2015,2.1519,2.0365,1.3708,185.5829,1.4797,1.5373
28/08/2015,2.1468,2.0307,1.3689,185.7834,1.4751,1.5354
01/09/2015,2.1787,2.0244,1.3615,183.7468,1.4741,1.5325
02/09/2015,2.1828,2.0352,1.3618,183.8219,1.4831,1.5293
03/09/2015,2.1674,2.0046,1.3724,183.1624,1.4875,1.5228
04/09/2015,2.189,2.0124,1.3652,180.8286,1.4796,1.5174
07/09/2015,2.2037,2.0301,1.3678,182.1964,1.4898,1.5267
08/09/2015,2.1954,2.0343,1.3738,183.9394,1.5038,1.5359
09/09/2015,2.1864,2.0267,1.3767,185.8913,1.5027,1.5368
10/09/2015,2.1863,2.0457,1.3759,186.4286,1.5059,1.5429
11/09/2015,2.1822,2.0499,1.3655,185.7481,1.5034,1.5402
14/09/2015,2.1524,2.0406,1.3633,184.7344,1.4926,1.5383
15/09/2015,2.1663,2.0377,1.3623,184.5144,1.4949,1.5357
16/09/2015,2.1577,2.0486,1.3738,186.9523,1.5029,1.5516
17/09/2015,2.1721,2.0469,1.3727,187.6368,1.5054,1.552
18/09/2015,2.1583,2.0423,1.3707,186.9265,1.4971,1.5585
21/09/2015,2.1695,2.0522,1.3832,186.6132,1.5058,1.5484
22/09/2015,2.1731,2.0391,1.3781,184.174,1.4939,1.5344
23/09/2015,2.1703,2.0229,1.3663,183.4917,1.491,1.5225
24/09/2015,2.1856,2.0407,1.3535,182.3381,1.4798,1.5284
25/09/2015,2.1625,2.0239,1.3582,183.3171,1.4825,1.5174
28/09/2015,2.1694,2.0289,1.3544,181.9331,1.4796,1.5175
29/09/2015,2.1595,2.0303,1.3494,181.55,1.4726,1.5138
30/09/2015,2.1565,2.0309,1.3565,181.4308,1.4797,1.5147
01/10/2015,2.149,2.0044,1.3526,181.2993,1.4775,1.5155
02/10/2015,2.1619,2.0081,1.3482,181.2144,1.4738,1.52
05/10/2015,2.1436,1.9891,1.3537,182.573,1.4795,1.5179
06/10/2015,2.1317,1.9884,1.3507,182.8026,1.4728,1.5212
07/10/2015,2.1206,1.9924,1.363,183.7866,1.4874,1.5313
08/10/2015,2.1228,1.996,1.3564,183.3106,1.479,1.5295
09/10/2015,2.0858,1.9787,1.348,184.1859,1.4729,1.5308
12/10/2015,2.081,1.9883,1.349,184.0239,1.4742,1.5343
13/10/2015,2.0861,1.9755,1.3386,182.4749,1.4618,1.5224
14/10/2015,2.1262,2.0059,1.3498,184.0743,1.4704,1.5436
15/10/2015,2.1128,1.9924,1.3578,183.2355,1.4695,1.5459
16/10/2015,2.1261,1.9955,1.3577,184.1163,1.4691,1.5446
19/10/2015,2.1334,2.0087,1.3688,184.955,1.4817,1.548
20/10/2015,2.1289,2.0011,1.3631,185.3963,1.4752,1.546
21/10/2015,2.1423,2.0248,1.3614,185.4462,1.4788,1.5459
22/10/2015,2.1339,2.021,1.3808,185.4868,1.4972,1.5411
23/10/2015,2.1243,2.0192,1.3913,185.9741,1.4988,1.5352
26/10/2015,2.1153,2.0177,1.3901,185.6684,1.5077,1.5361
27/10/2015,2.117,2.0276,1.3855,184.1727,1.5079,1.5312
28/10/2015,2.1448,2.0146,1.3847,184.7286,1.5093,1.532
29/10/2015,2.1602,2.0142,1.3954,185.2868,1.5167,1.5294
30/10/2015,2.165,2.0206,1.3987,186.4279,1.5225,1.5443
02/11/2015,2.1593,2.0195,1.398,186.1542,1.5178,1.5428
03/11/2015,2.148,2.0191,1.4062,186.5743,1.5262,1.5399
04/11/2015,2.1507,2.0211,1.4166,187.0694,1.5279,1.5384
05/11/2015,2.135,2.0075,1.4036,185.3943,1.5209,1.525
06/11/2015,2.1422,2.0043,1.4037,185.7034,1.5148,1.5077
09/11/2015,2.1421,2.0057,1.4059,186.2816,1.5167,1.5108
10/11/2015,2.1503,2.0048,1.4131,186.2459,1.5214,1.511
11/11/2015,2.1537,2.0173,1.4168,186.8507,1.5265,1.5201
12/11/2015,2.1373,2.0216,1.4129,186.7798,1.5249,1.5194
13/11/2015,2.1355,2.0279,1.4161,186.6069,1.5319,1.5196
16/11/2015,2.1451,2.0318,1.4181,187.057,1.5309,1.5198
17/11/2015,2.1372,2.0271,1.4286,187.8539,1.5441,1.5217
18/11/2015,2.1478,2.0293,1.4285,188.008,1.5506,1.5211
19/11/2015,2.1237,2.0295,1.4246,187.8838,1.5514,1.5295
20/11/2015,2.1035,2.029,1.4272,186.8648,1.5479,1.5217
23/11/2015,2.1033,2.0215,1.4256,186.0508,1.5438,1.5131
24/11/2015,2.0851,2.0095,1.4161,184.535,1.5325,1.5069
25/11/2015,2.0838,2.0062,1.4212,185.1254,1.543,1.5068
26/11/2015,2.0927,2.0112,1.4244,185.3843,1.5492,1.5126
27/11/2015,2.0933,2.0121,1.4208,184.8057,1.5502,1.5053
30/11/2015,2.0777,2.0051,1.4253,185.5884,1.5473,1.5053
01/12/2015,2.0602,2.013,1.4191,184.9685,1.5492,1.5054
02/12/2015,2.0418,1.9948,1.4139,184.4889,1.5381,1.4942
03/12/2015,2.062,2.0138,1.3859,185.2134,1.5084,1.5036
04/12/2015,2.0534,2.016,1.3869,185.9235,1.5096,1.5101
07/12/2015,2.0713,2.0323,1.389,185.7802,1.5083,1.5071
08/12/2015,2.0736,2.0312,1.3783,184.1983,1.4894,1.4984
09/12/2015,2.1016,2.0581,1.385,185.357,1.5,1.5182
10/12/2015,2.0783,2.0608,1.3865,184.2608,1.4986,1.5163
11/12/2015,2.1103,2.0847,1.3829,184.0379,1.4957,1.5211
14/12/2015,2.0881,2.0781,1.3707,182.4955,1.4836,1.5116
15/12/2015,2.0987,2.07,1.3779,183.1793,1.4904,1.5048
16/12/2015,2.0861,2.0749,1.3708,182.7609,1.4804,1.5005
17/12/2015,2.0922,2.0748,1.3736,182.5724,1.4821,1.4882
18/12/2015,2.0737,2.0692,1.3733,180.9648,1.4805,1.4893
21/12/2015,2.0715,2.0811,1.3633,180.2695,1.4773,1.4886
22/12/2015,2.0499,2.0665,1.3518,179.2342,1.4652,1.4825
23/12/2015,2.057,2.0604,1.3667,179.8731,1.4774,1.4868
24/12/2015,2.0516,2.0689,1.363,179.6041,1.4723,1.4921
29/12/2015,2.0289,2.0484,1.3567,178.2502,1.4691,1.4795
30/12/2015,2.0339,2.0599,1.3591,178.8266,1.4688,1.4833
31/12/2015,2.0264,2.0584,1.3605,178.4059,1.4726,1.4819
04/01/2016,2.0498,2.0481,1.3598,175.2398,1.4765,1.4689
05/01/2016,2.0531,2.0482,1.3661,174.519,1.4814,1.4647
06/01/2016,2.0684,2.0584,1.3595,173.3121,1.4738,1.4607
07/01/2016,2.0752,2.049,1.3452,171.9953,1.4618,1.4566
08/01/2016,2.0846,2.0584,1.333,171.1213,1.4464,1.454
11/01/2016,2.0788,2.0618,1.3391,170.5503,1.4557,1.4531
12/01/2016,2.0582,2.0505,1.3275,169.4613,1.4421,1.4366
13/01/2016,2.0639,2.0589,1.3316,170.8948,1.4581,1.4441
14/01/2016,2.0677,2.0664,1.3276,169.9381,1.4512,1.4393
15/01/2016,2.0792,2.0722,1.3068,167.2488,1.4293,1.4307
18/01/2016,2.0753,2.0711,1.3125,167.5298,1.4366,1.427
19/01/2016,2.0445,2.0541,1.298,166.6305,1.4195,1.4144
20/01/2016,2.0734,2.0778,1.3017,164.8555,1.4236,1.4186
21/01/2016,2.0347,2.0264,1.306,165.7894,1.4292,1.4135
22/01/2016,2.0397,2.0254,1.324,169.851,1.4535,1.4331
25/01/2016,2.0466,2.0311,1.3169,169.2066,1.4492,1.4267
26/01/2016,2.0464,2.019,1.3204,169.651,1.4581,1.4325
27/01/2016,2.0236,2.0091,1.3117,169.3138,1.4506,1.4258
28/01/2016,2.0302,2.027,1.3152,170.7424,1.4587,1.4388
29/01/2016,2.0061,1.9968,1.3113,171.762,1.4537,1.4187
01/02/2016,2.0277,2.0122,1.3191,173.8861,1.4623,1.4366
02/02/2016,2.0391,2.0228,1.3185,172.8714,1.4666,1.4376
03/02/2016,2.0526,2.0198,1.3207,172.1418,1.471,1.4592
04/02/2016,2.016,1.9953,1.3053,170.7667,1.4546,1.4578
05/02/2016,2.044,2.0058,1.2999,169.4394,1.4385,1.4482
08/02/2016,2.0311,2.0071,1.2891,166.051,1.4224,1.4368
09/02/2016,2.0461,2.002,1.2806,166.1025,1.4052,1.4484
10/02/2016,2.0392,2.0131,1.2912,165.4513,1.4153,1.446
11/02/2016,2.0403,2.0182,1.2726,161.4988,1.4052,1.4435
12/02/2016,2.0412,2.01,1.2857,162.9561,1.4125,1.4458
15/02/2016,2.0234,1.9985,1.297,165.4953,1.4286,1.4455
16/02/2016,2.0182,1.9877,1.2839,162.8423,1.4144,1.4307
17/02/2016,1.9967,1.96,1.286,163.5661,1.4221,1.4314
18/02/2016,2.0098,1.9657,1.2942,163.2552,1.4278,1.4366
19/02/2016,2.0118,1.9741,1.2845,160.8919,1.4145,1.4266
22/02/2016,1.9548,1.9347,1.2819,159.7114,1.4117,1.4135
23/02/2016,1.9547,1.9466,1.2795,158.0747,1.3974,1.4105
24/02/2016,1.9415,1.9196,1.2637,154.7706,1.3754,1.3932
25/02/2016,1.9368,1.8968,1.2641,157.1773,1.3793,1.3949
26/02/2016,1.936,1.8768,1.2687,157.9159,1.3841,1.3862
29/02/2016,1.9508,1.8881,1.2821,157.2445,1.3872,1.3929
01/03/2016,1.947,1.8721,1.2822,158.1741,1.3901,1.3925
02/03/2016,1.9372,1.8909,1.2989,160.2171,1.4072,1.4064
03/03/2016,1.9208,1.8939,1.2948,160.798,1.406,1.4156
04/03/2016,1.9182,1.8995,1.2914,161.7781,1.4124,1.4216
07/03/2016,1.9024,1.8887,1.2932,161.2552,1.4185,1.4205
08/03/2016,1.9098,1.9056,1.2851,159.7885,1.4094,1.4211
09/03/2016,1.8953,1.8917,1.2921,160.5664,1.4176,1.4222
10/03/2016,1.9212,1.907,1.2835,162.2128,1.4135,1.4307
11/03/2016,1.9061,1.9062,1.29,163.3976,1.416,1.4395
14/03/2016,1.9059,1.904,1.2897,162.7093,1.4122,1.4323
15/03/2016,1.8978,1.8922,1.2747,159.8804,1.3955,1.4165
16/03/2016,1.8966,1.8842,1.273,160.3056,1.3928,1.4099
17/03/2016,1.8971,1.8811,1.2805,161.2737,1.4026,1.449
18/03/2016,1.9052,1.8845,1.2853,161.6714,1.4052,1.4514
21/03/2016,1.8962,1.8819,1.279,160.7695,1.3938,1.4402
22/03/2016,1.8645,1.8557,1.2663,158.9603,1.3798,1.4217
23/03/2016,1.8732,1.8631,1.2626,158.9322,1.3733,1.4111
24/03/2016,1.8817,1.8771,1.267,159.3068,1.3813,1.4143
29/03/2016,1.8845,1.8778,1.275,161.7764,1.3912,1.4266
30/03/2016,1.8773,1.8696,1.2725,162.4533,1.3898,1.4448
31/03/2016,1.8685,1.8594,1.2616,161.5943,1.3764,1.4378
01/04/2016,1.8562,1.8572,1.2503,159.4252,1.3649,1.4185
04/04/2016,1.8767,1.8655,1.2556,158.9731,1.3714,1.4291
05/04/2016,1.8747,1.8629,1.2424,156.1273,1.353,1.4133
06/04/2016,1.863,1.852,1.2384,154.9037,1.3487,1.4086
07/04/2016,1.8747,1.8549,1.2386,152.0884,1.3461,1.4094
08/04/2016,1.8634,1.8301,1.2366,152.909,1.3446,1.4106
11/04/2016,1.876,1.8425,1.2464,153.7979,1.3568,1.4263
12/04/2016,1.8616,1.8256,1.2491,154.2847,1.36,1.4208
13/04/2016,1.8598,1.8152,1.259,155.2257,1.371,1.4207
14/04/2016,1.8352,1.8154,1.2554,154.4088,1.3678,1.414
15/04/2016,1.8403,1.8257,1.2551,154.1716,1.3707,1.4178
18/04/2016,1.842,1.8334,1.26,155.1727,1.3749,1.4274
19/04/2016,1.8436,1.8217,1.2659,157.4283,1.3824,1.4402
20/04/2016,1.8444,1.8233,1.2711,157.3309,1.3914,1.4401
21/04/2016,1.8458,1.8224,1.2702,156.9581,1.3947,1.4338
22/04/2016,1.8645,1.8223,1.2822,160.6315,1.408,1.4409
25/04/2016,1.8765,1.8363,1.2868,160.8485,1.4126,1.45
26/04/2016,1.8838,1.8405,1.2899,162.1157,1.4189,1.4584
27/04/2016,1.9181,1.8389,1.2856,161.7532,1.4142,1.4537
28/04/2016,1.9107,1.8275,1.2878,158.1828,1.4127,1.4571
29/04/2016,1.9193,1.8349,1.2791,156.7696,1.4048,1.465
03/05/2016,1.9391,1.8471,1.2634,154.5316,1.3866,1.4551
04/05/2016,1.9384,1.8627,1.2601,154.7981,1.3862,1.4482
05/05/2016,1.9407,1.8639,1.2718,155.6978,1.4036,1.4497
06/05/2016,1.9627,1.865,1.2635,153.9317,1.3995,1.4432
09/05/2016,1.9669,1.8681,1.2634,155.9879,1.3976,1.4398
10/05/2016,1.9631,1.8724,1.2694,157.7515,1.4082,1.4462
11/05/2016,1.9584,1.859,1.2653,157.1478,1.4044,1.4465
12/05/2016,1.9745,1.8581,1.272,157.6621,1.4023,1.4503
13/05/2016,1.9737,1.8566,1.27,156.5551,1.4002,1.4351
16/05/2016,1.9725,1.858,1.2712,156.7552,1.4068,1.4405
17/05/2016,1.9707,1.8667,1.2764,157.6035,1.412,1.4467
18/05/2016,2.01,1.8914,1.2961,160.2023,1.4345,1.4617
19/05/2016,2.0263,1.9171,1.3017,160.2891,1.4436,1.4585
20/05/2016,2.0101,1.9054,1.2946,160.3327,1.4406,1.4515
23/05/2016,2.0074,1.9026,1.2915,158.2756,1.4348,1.4461
24/05/2016,2.0333,1.9133,1.3091,160.5091,1.4502,1.4609
25/05/2016,2.0476,1.9253,1.3202,162.2513,1.4589,1.4714
26/05/2016,2.0341,1.906,1.3127,161.0175,1.4532,1.4682
27/05/2016,2.0331,1.9049,1.3129,160.5714,1.4508,1.4616
31/05/2016,2.0092,1.9036,1.3077,161.4808,1.4474,1.4557
01/06/2016,1.989,1.8869,1.2898,157.7324,1.4235,1.4414
02/06/2016,1.9985,1.8947,1.2947,156.8366,1.43,1.4447
03/06/2016,1.9821,1.8813,1.2814,154.9835,1.4208,1.4517
06/06/2016,1.9615,1.8573,1.2726,155.1264,1.4053,1.4464
07/06/2016,1.9536,1.8634,1.2823,156.1123,1.4072,1.456
08/06/2016,1.9486,1.8461,1.2773,155.1534,1.3963,1.4552
09/06/2016,1.9453,1.8405,1.2771,154.0089,1.3951,1.4465
10/06/2016,1.9352,1.8251,1.2687,153.2161,1.3796,1.4334
13/06/2016,1.929,1.8222,1.2639,151.8319,1.3801,1.4282
14/06/2016,1.9184,1.8142,1.2589,149.5096,1.3596,1.4114
15/06/2016,1.9135,1.8324,1.2634,150.2647,1.3664,1.4196
16/06/2016,1.9247,1.8331,1.2617,146.1531,1.3603,1.4064
17/06/2016,1.9351,1.8399,1.2709,149.0617,1.3743,1.4293
20/06/2016,1.9686,1.8802,1.296,153.4201,1.41,1.4694
21/06/2016,1.9678,1.8803,1.3018,153.3455,1.4063,1.467
22/06/2016,1.9596,1.8826,1.3018,153.7582,1.4097,1.4687
23/06/2016,1.9528,1.8882,1.3039,156.4297,1.416,1.4798
24/06/2016,1.8178,1.7582,1.2254,139.0568,1.318,1.3621
27/06/2016,1.7906,1.7233,1.1986,133.7295,1.2909,1.3152
28/06/2016,1.8101,1.7428,1.2054,136.9368,1.3058,1.3322
29/06/2016,1.8181,1.757,1.2177,138.7595,1.3247,1.3523
30/06/2016,1.8033,1.7446,1.2081,137.8353,1.3085,1.3429
01/07/2016,1.7731,1.7112,1.192,136.2431,1.2924,1.327
04/07/2016,1.7617,1.7063,1.1929,136.2316,1.2907,1.3287
05/07/2016,1.7472,1.6901,1.175,132.5024,1.2711,1.3048
06/07/2016,1.7189,1.6792,1.1639,129.9066,1.2596,1.2885
07/07/2016,1.7254,1.6728,1.168,130.3287,1.264,1.2932
08/07/2016,1.7161,1.6961,1.1743,130.3128,1.2747,1.296
11/07/2016,1.7222,1.7006,1.1759,133.2726,1.2769,1.2987
12/07/2016,1.7298,1.7188,1.1909,137.8596,1.302,1.3186
13/07/2016,1.7327,1.7158,1.1903,137.8457,1.3005,1.3215
14/07/2016,1.7452,1.7219,1.1998,140.3845,1.3089,1.3323
15/07/2016,1.7441,1.7117,1.1952,140.0104,1.3003,1.3231
18/07/2016,1.7521,1.7276,1.2006,140.6589,1.3076,1.3286
19/07/2016,1.7538,1.711,1.193,139.7539,1.2942,1.3136
20/07/2016,1.7602,1.7167,1.1969,140.63,1.2995,1.3175
21/07/2016,1.7617,1.7218,1.2017,140.499,1.3064,1.3211
22/07/2016,1.7571,1.723,1.1917,139.0543,1.2931,1.3085
25/07/2016,1.7592,1.7359,1.1961,139.1982,1.2957,1.3122
26/07/2016,1.7458,1.7333,1.1944,137.2327,1.3015,1.3116
27/07/2016,1.756,1.7338,1.1936,138.5232,1.3025,1.3114
28/07/2016,1.7465,1.7307,1.1838,137.5238,1.2883,1.312
29/07/2016,1.7463,1.7301,1.1867,135.9602,1.282,1.3267
01/08/2016,1.7475,1.73,1.1823,135.1898,1.2769,1.3206
02/08/2016,1.7492,1.7386,1.1859,134.3773,1.2832,1.3306
03/08/2016,1.758,1.7444,1.1924,134.9119,1.2945,1.3322
04/08/2016,1.7217,1.7118,1.1786,132.711,1.2775,1.3128
05/08/2016,1.7169,1.721,1.1797,133.032,1.2812,1.3059
08/08/2016,1.7021,1.717,1.1774,133.6656,1.2823,1.3038
09/08/2016,1.6917,1.7043,1.1694,132.3885,1.2763,1.2992
10/08/2016,1.6851,1.6981,1.1656,131.7798,1.2715,1.3014
11/08/2016,1.6802,1.6884,1.16,131.3974,1.2594,1.2966
12/08/2016,1.6812,1.6743,1.1572,130.553,1.2591,1.2935
15/08/2016,1.6756,1.6623,1.1499,130.0761,1.2515,1.2875
16/08/2016,1.6889,1.6707,1.1517,130.2665,1.2496,1.2967
17/08/2016,1.7039,1.6732,1.1538,130.4282,1.2521,1.3009
18/08/2016,1.7147,1.682,1.162,131.8043,1.2607,1.3162
19/08/2016,1.7127,1.681,1.1527,130.7689,1.2527,1.3056
22/08/2016,1.7218,1.6983,1.1604,131.8675,1.2641,1.3146
23/08/2016,1.723,1.696,1.1645,132.0578,1.267,1.3186
24/08/2016,1.7409,1.7152,1.1779,133.2685,1.2822,1.325
25/08/2016,1.7331,1.7056,1.1692,132.6154,1.2768,1.3189
26/08/2016,1.7239,1.701,1.1703,132.6732,1.2787,1.32
30/08/2016,1.7433,1.7135,1.1744,134.6138,1.2858,1.3096
31/08/2016,1.743,1.7187,1.1765,135.5747,1.2875,1.3099
01/09/2016,1.7624,1.741,1.1883,137.3122,1.3038,1.3299
02/09/2016,1.7628,1.7327,1.1923,138.6265,1.3047,1.3309
05/09/2016,1.753,1.7183,1.1931,137.4629,1.3036,1.3293
06/09/2016,1.7498,1.7247,1.1947,137.3083,1.3055,1.343
07/09/2016,1.7381,1.7213,1.1866,135.5878,1.2929,1.334
08/09/2016,1.7325,1.7168,1.181,135.3705,1.2907,1.3316
09/09/2016,1.752,1.7255,1.1827,136.1964,1.2949,1.3259
12/09/2016,1.7697,1.7402,1.1861,135.6108,1.2962,1.3303
13/09/2016,1.7589,1.7344,1.1726,134.6835,1.2834,1.3181
14/09/2016,1.7641,1.7387,1.172,135.2253,1.2829,1.3176
15/09/2016,1.7575,1.7337,1.1735,135.0861,1.2832,1.3192
16/09/2016,1.7476,1.7292,1.1718,133.7459,1.2806,1.3079
19/09/2016,1.7276,1.7231,1.168,132.9349,1.2797,1.3061
20/09/2016,1.7142,1.7125,1.1597,131.6913,1.2681,1.2949
21/09/2016,1.7111,1.7116,1.1632,130.4352,1.2657,1.2958
22/09/2016,1.7123,1.7056,1.1649,132.0006,1.2666,1.3094
23/09/2016,1.699,1.7014,1.1552,130.8442,1.2584,1.296
26/09/2016,1.6984,1.7085,1.1515,130.292,1.255,1.2976
27/09/2016,1.6961,1.7219,1.1598,130.2986,1.2623,1.2987
28/09/2016,1.6974,1.7223,1.1607,130.7833,1.2639,1.299
29/09/2016,1.6935,1.7006,1.156,131.9361,1.256,1.2982
30/09/2016,1.6977,1.7073,1.1558,131.5469,1.2587,1.2991
03/10/2016,1.675,1.6852,1.1442,130.4191,1.2478,1.2834
04/10/2016,1.6668,1.6789,1.1429,131.2004,1.251,1.2754
05/10/2016,1.6764,1.6808,1.1376,131.9307,1.2449,1.2742
06/10/2016,1.6708,1.6736,1.1321,131.4172,1.2392,1.2646
07/10/2016,1.6436,1.6521,1.1154,128.5266,1.2211,1.2465
10/10/2016,1.6245,1.6276,1.1093,128.201,1.2172,1.2377
11/10/2016,1.6199,1.6164,1.1058,126.6962,1.2081,1.2227
12/10/2016,1.6087,1.6174,1.1064,126.7763,1.2066,1.2183
13/10/2016,1.615,1.614,1.1054,126.0878,1.2047,1.2193
14/10/2016,1.5989,1.6038,1.1082,127.2426,1.2057,1.2195
17/10/2016,1.5954,1.5984,1.106,126.4485,1.2037,1.2155
18/10/2016,1.606,1.6161,1.1212,127.8547,1.2196,1.2302
19/10/2016,1.5981,1.5992,1.1204,126.8982,1.2154,1.2288
20/10/2016,1.6041,1.6178,1.1206,127.3498,1.2142,1.2244
21/10/2016,1.6048,1.6262,1.1218,126.6085,1.214,1.2195
24/10/2016,1.6051,1.63,1.1215,127.2615,1.2121,1.2205
25/10/2016,1.5895,1.6201,1.1173,126.9476,1.2088,1.2133
26/10/2016,1.5965,1.6316,1.121,127.8364,1.2155,1.2239
27/10/2016,1.6027,1.6304,1.1155,127.916,1.2096,1.2179
28/10/2016,1.6022,1.6238,1.1115,128.0083,1.2066,1.2145
31/10/2016,1.6046,1.637,1.1142,128.3325,1.2078,1.2214
01/11/2016,1.5953,1.635,1.1066,127.7968,1.1963,1.222
02/11/2016,1.6062,1.6486,1.1076,127.1277,1.1947,1.2315
03/11/2016,1.6213,1.6671,1.1225,128.4858,1.2139,1.2455
04/11/2016,1.6358,1.6829,1.128,129.2386,1.2147,1.2545
07/11/2016,1.6112,1.6607,1.1232,129.5812,1.2112,1.2393
08/11/2016,1.6077,1.6548,1.1232,129.9881,1.2093,1.2407
09/11/2016,1.6265,1.6732,1.1366,130.102,1.2215,1.2444
10/11/2016,1.649,1.6852,1.1477,132.926,1.2334,1.2486
11/11/2016,1.669,1.7012,1.1592,134.1047,1.2431,1.2579
14/11/2016,1.6544,1.6909,1.1613,135.0901,1.2436,1.2453
15/11/2016,1.6409,1.6684,1.1544,134.9608,1.2395,1.2384
16/11/2016,1.6633,1.6679,1.1641,136.1561,1.2484,1.2423
17/11/2016,1.6643,1.6684,1.1652,136.0608,1.2487,1.2437
18/11/2016,1.6756,1.6643,1.1644,136.2446,1.2451,1.2312
21/11/2016,1.6935,1.6714,1.1744,138.3866,1.2589,1.2474
22/11/2016,1.6839,1.667,1.1735,138.2693,1.2583,1.2422
23/11/2016,1.678,1.6732,1.1772,140.0839,1.2618,1.2399
24/11/2016,1.6823,1.6814,1.1801,141.1423,1.2667,1.2464
25/11/2016,1.676,1.6829,1.1744,140.7563,1.2619,1.2453
28/11/2016,1.6582,1.6661,1.1728,139.3495,1.2598,1.2412
29/11/2016,1.6754,1.6818,1.1779,141.2541,1.2683,1.2507
30/11/2016,1.6918,1.6806,1.178,142.4033,1.2732,1.2497
01/12/2016,1.7048,1.6826,1.1893,144.4083,1.279,1.2622
02/12/2016,1.6997,1.6838,1.1873,144.0734,1.2807,1.2658
05/12/2016,1.7008,1.6848,1.1848,145.3681,1.2851,1.2707
06/12/2016,1.7049,1.6893,1.1845,144.9041,1.2831,1.2712
07/12/2016,1.685,1.6701,1.1711,143.1374,1.2693,1.2609
08/12/2016,1.6877,1.6603,1.1829,143.4032,1.2763,1.2555
09/12/2016,1.686,1.6538,1.1925,144.7247,1.2822,1.2564
12/12/2016,1.6894,1.6636,1.1942,146.2383,1.2872,1.2669
13/12/2016,1.6923,1.6644,1.1921,146.2592,1.283,1.2684
14/12/2016,1.6896,1.6638,1.1926,146.1885,1.2832,1.2701
15/12/2016,1.6883,1.6624,1.1915,147.1459,1.2792,1.2409
16/12/2016,1.7082,1.6621,1.1944,147.1937,1.2797,1.2434
19/12/2016,1.7078,1.6598,1.1874,144.8997,1.2691,1.2392
20/12/2016,1.7057,1.6543,1.1905,145.8642,1.2716,1.2353
21/12/2016,1.7068,1.6583,1.1862,145.7026,1.2703,1.2376
22/12/2016,1.7019,1.657,1.1757,144.5015,1.2602,1.2298
23/12/2016,1.7006,1.6547,1.1725,143.8364,1.2567,1.2256
28/12/2016,1.7039,1.6596,1.1764,143.8507,1.2597,1.2227
29/12/2016,1.6952,1.6488,1.1657,142.3351,1.2516,1.2226
30/12/2016,1.7028,1.6576,1.1651,143.8713,1.2522,1.2303
03/01/2017,1.6951,1.6422,1.1786,144.4565,1.2591,1.224
04/01/2017,1.6883,1.634,1.1737,144.0968,1.2582,1.2296
05/01/2017,1.6914,1.6405,1.1719,143.5088,1.2549,1.2425
06/01/2017,1.683,1.6268,1.1649,143.4924,1.2489,1.2318
09/01/2017,1.6536,1.6052,1.1508,141.5004,1.235,1.2147
10/01/2017,1.6503,1.609,1.15,140.6521,1.2351,1.2184
11/01/2017,1.6367,1.6003,1.1524,140.7237,1.235,1.2071
12/01/2017,1.6294,1.6057,1.147,139.3455,1.2319,1.2219
13/01/2017,1.6263,1.5992,1.1468,140.116,1.2305,1.2184
16/01/2017,1.6136,1.5867,1.1375,137.6617,1.2197,1.2065
17/01/2017,1.6424,1.6177,1.1583,139.9753,1.2422,1.2385
18/01/2017,1.6319,1.6162,1.1545,139.7948,1.2362,1.2345
19/01/2017,1.6305,1.6399,1.1597,141.8774,1.2438,1.2304
20/01/2017,1.6326,1.6428,1.1539,141.7638,1.239,1.2323
23/01/2017,1.6482,1.6617,1.1624,141.156,1.2476,1.2495
24/01/2017,1.6497,1.6472,1.1638,141.7848,1.2503,1.2513
25/01/2017,1.6684,1.6506,1.1735,143.2684,1.2595,1.2605
26/01/2017,1.6712,1.6497,1.1797,144.4462,1.2595,1.2589
27/01/2017,1.6618,1.6476,1.1725,144.4474,1.2528,1.2553
30/01/2017,1.6556,1.6382,1.1709,142.4833,1.2484,1.2515
31/01/2017,1.6584,1.6411,1.1646,141.727,1.2415,1.2589
01/02/2017,1.6724,1.654,1.1756,143.5308,1.2551,1.2647
02/02/2017,1.6319,1.6303,1.1595,140.8247,1.2396,1.253
03/02/2017,1.6268,1.6258,1.1592,140.5562,1.2397,1.2505
06/02/2017,1.629,1.6328,1.1588,139.8332,1.2353,1.2444
07/02/2017,1.6268,1.635,1.1629,139.5031,1.24,1.2429
08/02/2017,1.6389,1.6473,1.1705,140.0688,1.245,1.2533
09/02/2017,1.6428,1.6448,1.1748,141.5664,1.2538,1.2528
10/02/2017,1.6272,1.6321,1.1748,141.7706,1.2542,1.2482
13/02/2017,1.6363,1.6361,1.179,142.4342,1.2568,1.2503
14/02/2017,1.6341,1.6328,1.1799,142.6016,1.256,1.2463
15/02/2017,1.6205,1.6291,1.1772,142.7173,1.2553,1.2447
16/02/2017,1.6255,1.6325,1.1716,141.65,1.2485,1.25
17/02/2017,1.6219,1.6301,1.17,140.2703,1.2451,1.2432
20/02/2017,1.6237,1.6333,1.1744,141.0946,1.2502,1.2473
21/02/2017,1.626,1.6379,1.1833,141.6988,1.2586,1.2468
22/02/2017,1.6211,1.6437,1.1811,141.2114,1.2601,1.2458
23/02/2017,1.6245,1.6433,1.1846,141.2779,1.2622,1.2548
24/02/2017,1.6257,1.6361,1.1818,140.3264,1.2574,1.2489
27/02/2017,1.6218,1.6337,1.1749,139.7638,1.254,1.247
28/02/2017,1.6183,1.6483,1.1713,139.2595,1.2462,1.2445
01/03/2017,1.6099,1.6446,1.1669,140.2906,1.2427,1.2317
02/03/2017,1.6203,1.6429,1.1672,140.5773,1.2421,1.2285
03/03/2017,1.6205,1.6447,1.1606,140.3639,1.2391,1.2261
06/03/2017,1.6148,1.6416,1.1562,139.4251,1.2395,1.2255
07/03/2017,1.6049,1.6348,1.1526,139.0116,1.236,1.2194
08/03/2017,1.6123,1.6382,1.1527,139.5548,1.2347,1.2168
09/03/2017,1.6202,1.6428,1.1483,139.5671,1.2327,1.215
10/03/2017,1.6134,1.6388,1.1417,139.884,1.2294,1.2167
13/03/2017,1.6138,1.646,1.1466,140.2261,1.2318,1.2234
14/03/2017,1.6062,1.6382,1.143,139.4703,1.2262,1.2167
15/03/2017,1.6096,1.644,1.1497,140.1375,1.232,1.2222
16/03/2017,1.6119,1.647,1.1519,139.7708,1.2312,1.2368
17/03/2017,1.6089,1.6538,1.1516,139.3841,1.2344,1.2371
20/03/2017,1.5989,1.6519,1.15,139.2535,1.2326,1.2366
21/03/2017,1.6173,1.6625,1.1545,139.64,1.24,1.2479
22/03/2017,1.6255,1.665,1.1551,138.546,1.2351,1.2476
23/03/2017,1.6389,1.67,1.1611,139.1889,1.2431,1.2526
24/03/2017,1.6395,1.6704,1.1559,138.7015,1.2381,1.249
27/03/2017,1.6509,1.6821,1.1548,138.8357,1.236,1.257
28/03/2017,1.6419,1.6778,1.1535,138.2219,1.233,1.2536
29/03/2017,1.6204,1.6608,1.1545,137.7869,1.2376,1.2411
30/03/2017,1.6274,1.6599,1.1636,139.0275,1.2443,1.2489
31/03/2017,1.6398,1.6683,1.1694,139.353,1.2517,1.2507
03/04/2017,1.6425,1.6715,1.1718,138.5613,1.2522,1.2483
04/04/2017,1.647,1.6718,1.1673,137.5877,1.247,1.2448
05/04/2017,1.6456,1.6737,1.1703,138.7068,1.2529,1.2477
06/04/2017,1.6543,1.676,1.1724,138.5071,1.2545,1.2495
07/04/2017,1.6494,1.6592,1.167,137.2166,1.2476,1.2392
10/04/2017,1.6572,1.6604,1.1724,138.115,1.2527,1.2426
11/04/2017,1.6697,1.6669,1.1751,137.0668,1.2566,1.2489
12/04/2017,1.6698,1.66,1.1781,136.997,1.2574,1.251
13/04/2017,1.6504,1.6608,1.1782,136.6982,1.258,1.2517
18/04/2017,1.6927,1.7067,1.1931,138.7811,1.2752,1.2765
19/04/2017,1.7063,1.7219,1.1957,139.6015,1.2787,1.2811
20/04/2017,1.704,1.7334,1.1927,140.2109,1.2778,1.2841
21/04/2017,1.6986,1.7269,1.1955,139.4098,1.276,1.2777
24/04/2017,1.6885,1.7237,1.1764,140.4192,1.2723,1.2777
25/04/2017,1.7021,1.7449,1.174,142.2608,1.2743,1.2829
26/04/2017,1.7211,1.7434,1.1822,143.4953,1.2791,1.2858
27/04/2017,1.7309,1.7598,1.1868,143.4053,1.2828,1.2895
28/04/2017,1.7297,1.7689,1.1881,144.2069,1.2877,1.2938
02/05/2017,1.7185,1.7747,1.1848,144.8849,1.2836,1.292
03/05/2017,1.7294,1.7679,1.1821,144.8866,1.2784,1.2896
04/05/2017,1.7455,1.7717,1.18,145.5908,1.2797,1.2915
05/05/2017,1.7497,1.7741,1.1796,145.9589,1.2805,1.2958
08/05/2017,1.7521,1.7738,1.1839,145.9227,1.2906,1.2941
09/05/2017,1.7587,1.7747,1.1891,147.7709,1.3022,1.2951
10/05/2017,1.7515,1.7684,1.1912,147.6574,1.3058,1.2949
11/05/2017,1.7473,1.7621,1.1849,146.4387,1.2969,1.2876
12/05/2017,1.7431,1.769,1.1802,145.9921,1.2925,1.289
15/05/2017,1.7405,1.7638,1.1766,146.7743,1.2874,1.2918
16/05/2017,1.7382,1.7578,1.1656,145.9863,1.2753,1.2918
17/05/2017,1.7468,1.7641,1.1637,144.3524,1.2698,1.2972
18/05/2017,1.7502,1.7666,1.1681,144.3929,1.272,1.2999
19/05/2017,1.7501,1.7642,1.1635,145.292,1.2693,1.3026
22/05/2017,1.7387,1.7557,1.1573,144.5557,1.2662,1.3016
23/05/2017,1.7323,1.7504,1.1559,144.2078,1.261,1.298
24/05/2017,1.7355,1.741,1.1579,145.1048,1.2644,1.295
25/05/2017,1.7344,1.7403,1.1546,144.8381,1.2587,1.2947
26/05/2017,1.7178,1.7204,1.1435,142.2871,1.2456,1.2791
30/05/2017,1.7248,1.7323,1.1507,142.7296,1.2543,1.2862
31/05/2017,1.7341,1.7438,1.1481,142.7422,1.2494,1.2912
01/06/2017,1.7472,1.7398,1.1494,143.533,1.2507,1.2903
02/06/2017,1.7317,1.7407,1.1424,142.3075,1.2416,1.2882
05/06/2017,1.7279,1.7443,1.1492,142.8248,1.2475,1.293
06/06/2017,1.7152,1.7366,1.1445,141.0713,1.2424,1.2895
07/06/2017,1.7148,1.7492,1.1505,141.6807,1.2489,1.2959
08/06/2017,1.718,1.7482,1.1538,142.5724,1.2522,1.2947
09/06/2017,1.6924,1.7115,1.1393,141.0285,1.2364,1.2742
12/06/2017,1.6799,1.7034,1.1312,139.1749,1.2283,1.2673
13/06/2017,1.6883,1.6835,1.1359,139.9791,1.2326,1.273
14/06/2017,1.6779,1.6889,1.1338,139.3106,1.2359,1.2789
15/06/2017,1.6826,1.6968,1.1446,141.1622,1.2442,1.2761
16/06/2017,1.6793,1.6951,1.143,141.6815,1.2457,1.2801
19/06/2017,1.6785,1.6849,1.1425,141.971,1.2426,1.2758
20/06/2017,1.6631,1.6752,1.134,140.9052,1.2314,1.2618
21/06/2017,1.6769,1.6823,1.1366,141.2922,1.2346,1.2664
22/06/2017,1.6794,1.6747,1.1348,140.9929,1.2309,1.2661
23/06/2017,1.6825,1.6888,1.1373,141.7357,1.2339,1.2738
26/06/2017,1.6783,1.6864,1.137,141.9523,1.2362,1.2738
27/06/2017,1.6832,1.6848,1.132,143.3707,1.2331,1.2777
28/06/2017,1.7007,1.6906,1.139,145.1316,1.2427,1.2942
29/06/2017,1.6923,1.6881,1.1374,146.3497,1.2438,1.2995
30/06/2017,1.6936,1.687,1.1391,145.9816,1.2442,1.299
03/07/2017,1.6918,1.681,1.138,146.5762,1.246,1.2937
04/07/2017,1.6992,1.6702,1.1389,146.2787,1.2478,1.2929
05/07/2017,1.7049,1.6806,1.1409,146.4144,1.2487,1.2925
06/07/2017,1.7082,1.6757,1.1355,146.5018,1.2467,1.2947
07/07/2017,1.6936,1.6604,1.1306,146.8062,1.242,1.288
10/07/2017,1.6937,1.6561,1.1293,146.884,1.2438,1.2862
11/07/2017,1.6873,1.6596,1.1247,147.0253,1.2439,1.2844
12/07/2017,1.6795,1.653,1.1287,145.7086,1.2427,1.289
13/07/2017,1.6744,1.6486,1.1342,146.6861,1.2515,1.2933
14/07/2017,1.6755,1.6587,1.1434,147.3614,1.2631,1.3086
17/07/2017,1.6711,1.6526,1.139,147.3845,1.2583,1.3066
18/07/2017,1.6424,1.6447,1.1241,145.5608,1.2404,1.3018
19/07/2017,1.6429,1.643,1.1324,145.6903,1.2447,1.3043
20/07/2017,1.6316,1.6301,1.1164,145.1521,1.2359,1.2989
21/07/2017,1.641,1.6273,1.1145,144.3449,1.2307,1.299
24/07/2017,1.6446,1.632,1.1206,144.9522,1.2344,1.3047
25/07/2017,1.6432,1.6352,1.1191,145.6772,1.2382,1.305
26/07/2017,1.6472,1.6364,1.1226,146.2272,1.2519,1.3056
27/07/2017,1.6414,1.6373,1.1219,146.0509,1.2604,1.3087
28/07/2017,1.6391,1.6296,1.1168,145.5422,1.2708,1.3119
31/07/2017,1.6516,1.6489,1.1182,145.6853,1.2718,1.3183
01/08/2017,1.6561,1.6519,1.1202,145.7174,1.2771,1.3229
02/08/2017,1.6591,1.6631,1.1152,145.9422,1.2787,1.3223
03/08/2017,1.6523,1.6502,1.1065,144.6497,1.2725,1.3144
04/08/2017,1.6477,1.6497,1.1096,144.5914,1.2686,1.3038
07/08/2017,1.647,1.6524,1.104,144.3339,1.2667,1.3023
08/08/2017,1.6413,1.6438,1.104,143.545,1.265,1.296
09/08/2017,1.6505,1.6513,1.1063,142.884,1.2549,1.2993
10/08/2017,1.6466,1.6502,1.1056,142.0197,1.2521,1.299
11/08/2017,1.6481,1.6461,1.1005,141.631,1.2494,1.2977
14/08/2017,1.651,1.6474,1.1022,142.1687,1.2601,1.2987
15/08/2017,1.6437,1.6399,1.0968,142.1138,1.2506,1.2854
16/08/2017,1.6325,1.6346,1.0996,142.6014,1.2551,1.2869
17/08/2017,1.6281,1.6306,1.0976,141.6592,1.2422,1.2891
18/08/2017,1.625,1.62,1.0943,139.8713,1.2365,1.2857
21/08/2017,1.6254,1.6242,1.0922,140.3568,1.2399,1.2904
22/08/2017,1.6198,1.6095,1.091,140.4791,1.2426,1.2835
23/08/2017,1.6204,1.6077,1.0829,139.502,1.2344,1.2796
24/08/2017,1.619,1.6026,1.0841,139.9333,1.2342,1.2798
25/08/2017,1.6218,1.6092,1.0847,140.6941,1.2345,1.2877
29/08/2017,1.6224,1.6198,1.0771,140.84,1.2267,1.2952
30/08/2017,1.6348,1.6301,1.0846,142.4559,1.2399,1.292
31/08/2017,1.6248,1.6159,1.0837,141.8749,1.2382,1.2886
01/09/2017,1.6267,1.6062,1.0923,142.9625,1.249,1.2973
04/09/2017,1.6288,1.6087,1.0877,141.918,1.2391,1.2957
05/09/2017,1.6241,1.6079,1.0931,141.8249,1.2458,1.3027
06/09/2017,1.6355,1.5987,1.0947,142.2255,1.2458,1.3071
07/09/2017,1.6315,1.593,1.0918,142.1603,1.2487,1.3112
08/09/2017,1.6353,1.6021,1.097,142.2817,1.2498,1.3184
11/09/2017,1.6419,1.6005,1.1001,143.5497,1.2552,1.3183
12/09/2017,1.6507,1.6107,1.1095,145.7869,1.2727,1.3263
13/09/2017,1.6546,1.6133,1.1102,146.3238,1.2747,1.323
14/09/2017,1.6734,1.628,1.1244,147.7979,1.2908,1.335
15/09/2017,1.6984,1.6549,1.1365,150.9836,1.3054,1.3596
18/09/2017,1.7006,1.6561,1.1339,151.2554,1.3017,1.3557
19/09/2017,1.69,1.6617,1.1291,150.7544,1.3021,1.3523
20/09/2017,1.6814,1.6621,1.1311,151.1771,1.305,1.3567
21/09/2017,1.7067,1.6717,1.1359,152.291,1.3181,1.3543
22/09/2017,1.6953,1.6638,1.1303,151.4212,1.3105,1.3527
25/09/2017,1.6976,1.6645,1.1365,150.7916,1.3074,1.3484
26/09/2017,1.7042,1.6624,1.1402,150.6461,1.3021,1.3417
27/09/2017,1.7024,1.656,1.141,150.7264,1.3047,1.3386
28/09/2017,1.7157,1.6759,1.1408,151.5677,1.306,1.3444
29/09/2017,1.7097,1.6773,1.1349,151.0105,1.2981,1.3416
02/10/2017,1.6966,1.6594,1.1313,149.6471,1.2927,1.3276
03/10/2017,1.6927,1.6566,1.1269,149.3639,1.2901,1.3245
04/10/2017,1.6903,1.6564,1.129,149.6716,1.2937,1.3277
05/10/2017,1.6836,1.6461,1.1216,147.9977,1.2851,1.3139
06/10/2017,1.6821,1.6373,1.1128,147.2812,1.2771,1.3058
09/10/2017,1.6914,1.6483,1.1188,147.9714,1.2863,1.3132
10/10/2017,1.6963,1.6516,1.1185,148.0792,1.2882,1.3219
11/10/2017,1.6961,1.6507,1.1135,148.0729,1.2825,1.3189
12/10/2017,1.6826,1.6421,1.1114,147.843,1.2852,1.3165
13/10/2017,1.6867,1.6605,1.1241,148.9229,1.2964,1.3305
16/10/2017,1.6892,1.6656,1.1259,148.4131,1.2953,1.3282
17/10/2017,1.6814,1.6559,1.1207,147.9405,1.2907,1.3169
18/10/2017,1.6806,1.6432,1.1184,148.7928,1.293,1.3171
19/10/2017,1.6749,1.6454,1.114,148.5602,1.2868,1.3203
20/10/2017,1.6871,1.6627,1.119,149.6142,1.2972,1.319
23/10/2017,1.6889,1.6672,1.1226,149.9003,1.2996,1.3185
24/10/2017,1.6873,1.6624,1.1154,149.491,1.2984,1.3119
25/10/2017,1.7207,1.6948,1.1221,150.6469,1.312,1.3253
26/10/2017,1.7161,1.6894,1.1254,150.0835,1.3128,1.3171
27/10/2017,1.7133,1.69,1.1322,149.2932,1.31,1.3112
30/10/2017,1.7185,1.6934,1.1349,149.4334,1.3155,1.3195
31/10/2017,1.7319,1.7126,1.14,150.9006,1.3238,1.328
01/11/2017,1.7273,1.709,1.1412,151.1961,1.3277,1.3257
02/11/2017,1.6923,1.6739,1.1195,148.8053,1.3041,1.3068
03/11/2017,1.7081,1.6687,1.1248,149.3035,1.3071,1.3067
06/11/2017,1.7125,1.6749,1.1325,149.75,1.3129,1.3121
07/11/2017,1.7203,1.6818,1.1353,149.8468,1.3129,1.3141
08/11/2017,1.708,1.6691,1.1307,148.8684,1.31,1.31
09/11/2017,1.7125,1.6659,1.1285,149.1385,1.3093,1.3118
10/11/2017,1.7227,1.6759,1.1337,149.809,1.3153,1.322
13/11/2017,1.7167,1.668,1.124,148.8343,1.3052,1.3112
14/11/2017,1.7215,1.6745,1.1159,148.8368,1.301,1.3118
15/11/2017,1.7359,1.6814,1.1154,148.8472,1.3029,1.3163
16/11/2017,1.7377,1.6805,1.1209,148.8509,1.3109,1.3196
17/11/2017,1.749,1.6922,1.1209,148.2354,1.3088,1.3207
20/11/2017,1.7554,1.6975,1.1289,149.0781,1.3144,1.3262
21/11/2017,1.7452,1.6887,1.1283,148.7978,1.3129,1.323
22/11/2017,1.7508,1.6903,1.1269,148.2781,1.3063,1.3283
23/11/2017,1.7441,1.6914,1.1228,147.9158,1.3055,1.3297
24/11/2017,1.7516,1.6953,1.1186,148.877,1.3069,1.3351
27/11/2017,1.7504,1.6971,1.1192,148.1274,1.3088,1.334
28/11/2017,1.7414,1.6954,1.1147,147.2965,1.3023,1.3233
29/11/2017,1.7706,1.723,1.1319,150.1071,1.3201,1.3412
30/11/2017,1.7817,1.7432,1.1348,151.4142,1.3286,1.353
01/12/2017,1.7762,1.718,1.137,152.1672,1.3276,1.349
04/12/2017,1.7745,1.7133,1.1375,151.9488,1.3274,1.3479
05/12/2017,1.7681,1.707,1.1372,151.768,1.3286,1.3457
06/12/2017,1.7668,1.7083,1.1352,150.2263,1.3246,1.3382
07/12/2017,1.7828,1.7227,1.138,151.2633,1.3323,1.3417
08/12/2017,1.7806,1.7203,1.1382,151.8444,1.3298,1.3376
11/12/2017,1.7714,1.7174,1.1328,151.485,1.3236,1.3362
12/12/2017,1.7642,1.7155,1.1358,151.4559,1.3224,1.3323
13/12/2017,1.7553,1.7173,1.1365,151.0687,1.3217,1.3363
14/12/2017,1.7507,1.7236,1.1398,151.1811,1.3286,1.3424
15/12/2017,1.741,1.7082,1.1321,150.016,1.3208,1.3317
18/12/2017,1.7459,1.7219,1.1343,150.5533,1.3204,1.3398
19/12/2017,1.745,1.7215,1.1303,150.8304,1.3179,1.3349
20/12/2017,1.7485,1.7229,1.1281,151.89,1.3202,1.3406
21/12/2017,1.7352,1.6998,1.1259,151.5278,1.3208,1.3354
22/12/2017,1.7343,1.7032,1.1295,151.7684,1.3245,1.3387
27/12/2017,1.7253,1.6968,1.1265,151.8107,1.324,1.3399
28/12/2017,1.7243,1.6919,1.1256,151.6656,1.3154,1.3436
